# basis	v2
# conditions	slots=32	bs=4	temp=0	thinking=on	cooldown=10s	max_new=2048	image_tokens=280
# images_dir	/Users/mh/Pictures/sample_imgs	iogpu.wired_limit_mb=14336
# ledger	bench/mtp_goal_v2_images.tsv
# md5	1c624f33c638665a1cb54749cae4fbad  NO_FUSION_0401_001.png
# md5	853e4081d5bf277282eedcdba7d55ff9  NO_FUSION_0401_007.png
# md5	8d124fa5d73b5aa0ac5ae9c3e6e0014f  NO_FUSION_0404_004.png
# md5	d7571f457b3834cf6cd30e2fbb16209c  NO_FUSION_0524_013.png
# md5	9000acca590bfcceffe591b97847d70e  NO_FUSION_0606_028.png
# md5	eb52b5486f6df600db8fd48fa983d6a1  NO_FUSION_0607_025.png
# md5	d23e811c853231426c6fea9f81afddb8  NO_FUSION_0627_012.png
# md5	16547cc34949b3333291f0227ef190d0  NO_FUSION_0627_015.png
# md5	382dab3f21792826e4e96709800bb5d5  NO_FUSION_0712_002.png
# md5	a8db757674fbd127ad8d44870bcd379e  NO_FUSION_0722_002.png
# md5	59bd2d38e7a59256ee653e91774c705c  NO_FUSION_0728_007.png
# md5	13148a9534be4b737ad6b9d091a7d3c2  NO_FUSION_0731_002.png
# md5	b68f88aa67289b04621915fd64eed3d8  NO_FUSION_0804_002.png
# md5	c16683d3e298b0c2663fa5614b7e6eec  NO_FUSION_0804_005.png
# md5	07ed849e992fc76373eecac7745028fe  NO_FUSION_0804_009.png
# md5	f925710ef9fadf38ccf9bab88afd0ad6  NO_FUSION_0804_012.png
# score	median=1.4155	n=16
image	role	order	side	block_size	wall	load	ttft	decode	new	tok_s	peak	stop	rounds	accept	draft	verify	decode_hit	decode_experts	decode_io	io_ms_tok	ratio
NO_FUSION_0401_001.png	head	off/on	off	0	43.571	0.784	4.227	38.56	853	22.121	4.97	endOfTurn	0				86.5	204480	12.229	14.336	1.0765
NO_FUSION_0401_001.png	head	off/on	on	4	40.473	0.798	4.235	35.44	1246	35.156	5.0	endOfTurn	412	2.022	3.879	31.538	79.9	207653	20.766	16.666	1.0765
NO_FUSION_0401_007.png	body	on/off	off	0	41.749	0.807	4.282	36.66	821	22.397	4.96	endOfTurn	0				87.3	196800	11.617	14.150	1.3759
NO_FUSION_0401_007.png	body	on/off	on	4	30.342	0.792	4.27	25.28	834	32.984	4.96	endOfTurn	299	1.789	2.752	22.513	81.3	146380	14.4	17.266	1.3759
NO_FUSION_0404_004.png	body	off/on	off	0	64.113	0.806	4.257	59.05	1343	22.744	4.97	endOfTurn	0				87.5	322080	17.503	13.033	1.5398
NO_FUSION_0404_004.png	body	off/on	on	4	41.637	0.808	4.299	36.53	1343	36.768	5.0	endOfTurn	448	1.996	4.162	32.34	80.2	222464	20.176	15.023	1.5398
NO_FUSION_0524_013.png	body	on/off	off	0	42.086	0.79	4.486	36.81	813	22.083	4.97	endOfTurn	0				85.7	194880	12.34	15.178	1.3867
NO_FUSION_0524_013.png	body	on/off	on	4	30.350	0.808	4.312	25.23	813	32.229	4.98	endOfTurn	285	1.853	2.599	22.608	79.2	146277	15.606	19.196	1.3867
NO_FUSION_0606_028.png	body	off/on	off	0	49.559	0.807	4.222	44.53	1006	22.59	4.94	endOfTurn	0				87.2	241200	13.861	13.778	1.3707
NO_FUSION_0606_028.png	body	off/on	on	4	36.155	0.807	4.268	31.08	1047	33.69	5.0	endOfTurn	375	1.789	3.423	27.634	80.7	189617	17.931	17.126	1.3707
NO_FUSION_0607_025.png	body	on/off	off	0	52.442	0.808	4.314	47.32	1067	22.549	4.92	endOfTurn	0				87.7	255840	14.489	13.579	1.3970
NO_FUSION_0607_025.png	body	on/off	on	4	37.540	0.807	4.363	32.37	1125	34.759	4.98	endOfTurn	382	1.942	3.53	28.816	80.4	187102	18.831	16.739	1.3970
NO_FUSION_0627_012.png	body	off/on	off	0	48.118	0.824	4.304	42.99	931	21.655	4.91	endOfTurn	0				85.7	223200	14.606	15.689	1.3872
NO_FUSION_0627_012.png	body	off/on	on	4	34.688	0.812	4.316	29.56	931	31.495	4.97	endOfTurn	331	1.816	3.086	26.451	80.0	172488	18.249	19.602	1.3872
NO_FUSION_0627_015.png	body	on/off	off	0	57.236	0.808	4.288	52.14	1162	22.286	4.95	endOfTurn	0				86.4	278640	16.528	14.224	1.5605
NO_FUSION_0627_015.png	body	on/off	on	4	36.677	0.814	4.243	31.62	1027	32.479	4.95	endOfTurn	385	1.673	3.58	28.016	80.8	194929	17.618	17.155	1.5605
NO_FUSION_0401_001.png	mid	off/on	off	0	43.100	0.807	4.253	38.04	853	22.426	4.9	endOfTurn	0				86.5	204480	12.329	14.454	1.0748
NO_FUSION_0401_001.png	mid	off/on	on	4	40.100	0.806	4.264	35.03	1246	35.572	4.99	endOfTurn	412	2.022	3.824	31.181	79.9	207653	20.949	16.813	1.0748
NO_FUSION_0712_002.png	body	on/off	off	0	48.896	0.786	4.31	43.8	1015	23.175	4.93	endOfTurn	0				88.4	243360	12.985	12.793	1.6544
NO_FUSION_0712_002.png	body	on/off	on	4	29.556	0.784	4.292	24.48	923	37.703	4.99	endOfTurn	306	2.016	2.826	21.636	81.9	149491	13.532	14.661	1.6544
NO_FUSION_0722_002.png	body	off/on	off	0	45.861	0.787	4.414	40.66	880	21.645	4.93	endOfTurn	0				85.4	210960	13.955	15.858	1.3490
NO_FUSION_0722_002.png	body	off/on	on	4	33.996	0.786	4.45	28.76	926	32.2	4.95	endOfTurn	319	1.9	2.96	25.777	78.8	163132	18.286	19.747	1.3490
NO_FUSION_0728_007.png	body	on/off	off	0	57.968	0.81	4.368	52.79	1165	22.07	4.94	endOfTurn	0				85.9	279360	17.128	14.702	1.4691
NO_FUSION_0728_007.png	body	on/off	on	4	39.458	0.805	4.303	34.35	1165	33.919	4.97	endOfTurn	404	1.886	3.784	30.539	79.7	206571	20.207	17.345	1.4691
NO_FUSION_0731_002.png	body	off/on	off	0	89.257	0.809	4.448	84.0	1532	18.237	4.92	endOfTurn	0				79.2	367440	34.993	22.841	1.9196
NO_FUSION_0731_002.png	body	off/on	on	4	46.498	0.809	4.449	41.24	1217	29.509	4.99	endOfTurn	394	2.089	3.742	37.475	73.7	216015	29.617	24.336	1.9196
NO_FUSION_0804_002.png	body	on/off	off	0	41.407	0.785	4.302	36.32	807	22.216	4.94	endOfTurn	0				85.7	193440	12.155	15.062	1.4340
NO_FUSION_0804_002.png	body	on/off	on	4	28.876	0.806	4.34	23.73	807	34.014	5.01	endOfTurn	279	1.9	2.568	21.137	79.3	145394	14.042	17.400	1.4340
NO_FUSION_0804_005.png	body	off/on	off	0	54.880	0.809	4.401	49.67	1101	22.167	4.92	endOfTurn	0				86.2	264000	15.813	14.362	1.5410
NO_FUSION_0804_005.png	body	off/on	on	4	35.613	0.808	4.335	30.47	1064	34.921	5.0	endOfTurn	361	1.95	3.38	27.067	80.1	179799	17.763	16.695	1.5410
NO_FUSION_0804_009.png	body	on/off	off	0	58.088	0.809	4.349	52.93	1144	21.615	4.94	endOfTurn	0				85.9	274320	17.693	15.466	1.4836
NO_FUSION_0804_009.png	body	on/off	on	4	39.154	0.808	4.396	33.95	1161	34.2	4.98	endOfTurn	396	1.932	3.734	30.19	79.3	201041	19.965	17.196	1.4836
NO_FUSION_0804_012.png	body	off/on	off	0	42.720	0.809	4.381	37.53	797	21.235	4.92	endOfTurn	0				84.6	191040	13.546	16.996	1.3612
NO_FUSION_0804_012.png	body	off/on	on	4	31.384	0.808	4.356	26.22	797	30.394	4.99	endOfTurn	262	2.05	2.442	23.761	76.7	137536	18.225	22.867	1.3612
NO_FUSION_0401_001.png	tail	on/off	off	0	42.911	0.808	4.273	37.83	853	22.545	4.92	endOfTurn	0				86.5	204480	12.076	14.157	1.0535
NO_FUSION_0401_001.png	tail	on/off	on	4	40.730	0.803	4.247	35.68	1246	34.917	4.99	endOfTurn	412	2.022	3.862	31.799	79.9	207653	21.289	17.086	1.0535
