label	n	ptok	ntok	real	decode	rate	prefill_s	ttft_s	hit_pct	peak_gb	p_gpu	p_io	p_host	d_gpu	d_io	d_host	d_cb	flags
pipeline-warmup	0	498	128	16.03	8.97	14.267	4.529	4.530	73.3	0.48	3.04	4.76	1.30	36.01	16.75	17.33	121.0	env:TF_QWEN_PIPELINE=0 --expert-cache-slots 32 --expert-cache-policy lfu --prefill on --prefill-chunk-tokens 2048 --rdadvise off
pipeline-drift	0	498	128	15.11	8.48	15.090	4.416	4.416	73.3	0.48	3.04	4.56	1.27	33.44	16.29	16.54	121.0	env:TF_QWEN_PIPELINE=0 --expert-cache-slots 32 --expert-cache-policy lfu --prefill on --prefill-chunk-tokens 2048 --rdadvise off
pipeline-serial	1	498	128	16.49	9.89	12.936	4.461	4.461	73.3	0.48	3.05	4.62	1.28	40.17	18.40	18.73	121.0	env:TF_QWEN_PIPELINE=0 --expert-cache-slots 32 --expert-cache-policy lfu --prefill on --prefill-chunk-tokens 2048 --rdadvise off
pipeline-overlap	1	498	128	11.90	6.51	19.652	3.236	3.236	73.3	0.52	3.05	4.54	-1.08	29.09	15.87	5.92	121.0	--expert-cache-slots 32 --expert-cache-policy lfu --prefill on --prefill-chunk-tokens 2048 --rdadvise off
pipeline-serial	2	498	128	15.26	8.76	14.611	4.390	4.391	73.3	0.50	3.04	4.52	1.25	34.80	16.65	16.99	121.0	env:TF_QWEN_PIPELINE=0 --expert-cache-slots 32 --expert-cache-policy lfu --prefill on --prefill-chunk-tokens 2048 --rdadvise off
pipeline-overlap	2	498	128	11.58	6.28	20.375	3.192	3.192	73.3	0.56	3.05	4.47	-1.12	28.11	15.71	5.26	121.0	--expert-cache-slots 32 --expert-cache-policy lfu --prefill on --prefill-chunk-tokens 2048 --rdadvise off
pipeline-serial	3	498	128	14.99	8.49	15.077	4.383	4.383	73.3	0.50	3.05	4.47	1.28	32.88	16.97	16.47	121.0	env:TF_QWEN_PIPELINE=0 --expert-cache-slots 32 --expert-cache-policy lfu --prefill on --prefill-chunk-tokens 2048 --rdadvise off
pipeline-overlap	3	498	128	11.71	6.40	20.009	3.186	3.186	73.3	0.49	3.04	4.48	-1.12	28.50	15.75	5.73	121.0	--expert-cache-slots 32 --expert-cache-policy lfu --prefill on --prefill-chunk-tokens 2048 --rdadvise off
pipeline-drift	9	498	128	15.34	8.73	14.654	4.400	4.400	73.3	0.49	3.05	4.50	1.28	34.80	16.68	16.76	121.0	env:TF_QWEN_PIPELINE=0 --expert-cache-slots 32 --expert-cache-policy lfu --prefill on --prefill-chunk-tokens 2048 --rdadvise off
tasksab-warmup	0	56	192	12.22	8.71	22.041	1.439	1.439	72.4	0.46	10.63	16.32	-1.26	27.56	12.29	5.52	121.4	--expert-cache-slots 32 --expert-cache-policy lfu --prefill on --prefill-chunk-tokens 2048 --rdadvise off
tasksab-t1-ja-explain-serial	1	56	192	16.29	11.77	16.312	2.326	2.326	72.4	0.45	16.71	15.96	8.86	32.16	13.18	15.96	121.4	env:TF_QWEN_PIPELINE=0 --expert-cache-slots 32 --expert-cache-policy lfu --prefill on --prefill-chunk-tokens 2048 --rdadvise off
tasksab-t1-ja-explain-overlap	1	56	192	12.10	8.54	22.492	1.447	1.447	72.4	0.44	10.73	16.51	-1.40	26.99	12.07	5.40	121.4	--expert-cache-slots 32 --expert-cache-policy lfu --prefill on --prefill-chunk-tokens 2048 --rdadvise off
tasksab-t2-code-serial	1	60	192	17.24	12.53	15.321	2.558	2.558	69.8	0.46	17.22	16.74	8.67	32.99	16.05	16.23	121.4	env:TF_QWEN_PIPELINE=0 --expert-cache-slots 32 --expert-cache-policy lfu --prefill on --prefill-chunk-tokens 2048 --rdadvise off
tasksab-t2-code-overlap	1	60	192	13.25	9.60	19.997	1.529	1.529	69.8	0.47	10.28	16.79	-1.59	29.30	15.26	5.44	121.4	--expert-cache-slots 32 --expert-cache-policy lfu --prefill on --prefill-chunk-tokens 2048 --rdadvise off
tasksab-t3-en-prose-serial	1	48	192	17.44	12.58	15.262	2.728	2.729	65.8	0.47	22.28	22.87	11.69	33.90	13.74	17.88	121.4	env:TF_QWEN_PIPELINE=0 --expert-cache-slots 32 --expert-cache-policy lfu --prefill on --prefill-chunk-tokens 2048 --rdadvise off
tasksab-t3-en-prose-overlap	1	48	192	12.65	8.93	21.496	1.522	1.522	65.8	0.47	13.10	20.31	-1.70	28.39	12.57	5.56	121.4	--expert-cache-slots 32 --expert-cache-policy lfu --prefill on --prefill-chunk-tokens 2048 --rdadvise off
tasksab-t4-summarize-serial	1	2698	192	32.92	16.98	11.304	13.623	13.623	65.0	0.71	2.70	1.93	0.41	47.53	22.95	17.98	121.4	env:TF_QWEN_PIPELINE=0 --expert-cache-slots 32 --expert-cache-policy lfu --prefill on --prefill-chunk-tokens 2048 --rdadvise off
tasksab-t4-summarize-overlap	1	2698	192	25.61	12.90	14.886	10.355	10.355	65.0	0.72	2.71	2.05	-0.93	37.26	23.08	6.84	121.4	--expert-cache-slots 32 --expert-cache-policy lfu --prefill on --prefill-chunk-tokens 2048 --rdadvise off
tasksab-t1-ja-explain-serial	2	56	192	17.64	12.95	14.827	2.469	2.469	72.4	0.48	17.73	16.97	9.39	35.30	13.92	18.23	121.4	env:TF_QWEN_PIPELINE=0 --expert-cache-slots 32 --expert-cache-policy lfu --prefill on --prefill-chunk-tokens 2048 --rdadvise off
tasksab-t1-ja-explain-overlap	2	56	192	12.24	8.65	22.197	1.462	1.462	72.4	0.44	10.56	16.48	-0.94	27.51	11.84	5.70	121.4	--expert-cache-slots 32 --expert-cache-policy lfu --prefill on --prefill-chunk-tokens 2048 --rdadvise off
tasksab-t2-code-serial	2	60	192	17.37	12.59	15.254	2.548	2.548	69.8	0.45	16.70	16.61	9.16	32.94	15.58	17.03	121.4	env:TF_QWEN_PIPELINE=0 --expert-cache-slots 32 --expert-cache-policy lfu --prefill on --prefill-chunk-tokens 2048 --rdadvise off
tasksab-t2-code-overlap	2	60	192	13.30	9.62	19.962	1.543	1.543	69.8	0.46	10.84	16.62	-1.74	28.71	15.29	6.09	121.4	--expert-cache-slots 32 --expert-cache-policy lfu --prefill on --prefill-chunk-tokens 2048 --rdadvise off
tasksab-t3-en-prose-serial	2	48	192	18.73	13.77	13.941	2.800	2.800	65.8	0.43	22.64	23.42	12.27	38.38	15.37	17.98	121.4	env:TF_QWEN_PIPELINE=0 --expert-cache-slots 32 --expert-cache-policy lfu --prefill on --prefill-chunk-tokens 2048 --rdadvise off
tasksab-t3-en-prose-overlap	2	48	192	12.69	8.93	21.494	1.516	1.516	65.8	0.46	12.28	20.31	-1.01	28.59	12.52	5.42	121.4	--expert-cache-slots 32 --expert-cache-policy lfu --prefill on --prefill-chunk-tokens 2048 --rdadvise off
tasksab-t4-summarize-serial	2	2698	192	33.49	17.56	10.936	13.610	13.610	65.0	0.70	2.72	1.92	0.40	47.93	24.25	19.27	121.4	env:TF_QWEN_PIPELINE=0 --expert-cache-slots 32 --expert-cache-policy lfu --prefill on --prefill-chunk-tokens 2048 --rdadvise off
tasksab-t4-summarize-overlap	2	2698	192	25.10	12.55	15.293	10.194	10.194	65.0	0.71	2.72	1.99	-0.93	36.64	21.97	6.78	121.4	--expert-cache-slots 32 --expert-cache-policy lfu --prefill on --prefill-chunk-tokens 2048 --rdadvise off
tasksab-t1-ja-explain-serial	3	56	192	16.17	11.54	16.636	2.410	2.410	72.4	0.45	16.93	16.96	9.14	30.59	12.80	16.72	121.4	env:TF_QWEN_PIPELINE=0 --expert-cache-slots 32 --expert-cache-policy lfu --prefill on --prefill-chunk-tokens 2048 --rdadvise off
tasksab-t1-ja-explain-overlap	3	56	192	12.20	8.60	22.330	1.469	1.469	72.4	0.51	10.93	16.46	-1.15	27.19	11.84	5.76	121.4	--expert-cache-slots 32 --expert-cache-policy lfu --prefill on --prefill-chunk-tokens 2048 --rdadvise off
tasksab-t2-code-serial	3	60	192	16.69	11.78	16.293	2.630	2.630	69.8	0.44	16.68	17.24	9.91	29.82	15.59	15.96	121.4	env:TF_QWEN_PIPELINE=0 --expert-cache-slots 32 --expert-cache-policy lfu --prefill on --prefill-chunk-tokens 2048 --rdadvise off
tasksab-t2-code-overlap	3	60	192	13.27	9.58	20.047	1.542	1.543	69.8	0.43	11.13	16.46	-1.88	28.63	15.18	6.07	121.4	--expert-cache-slots 32 --expert-cache-policy lfu --prefill on --prefill-chunk-tokens 2048 --rdadvise off
tasksab-t3-en-prose-serial	3	48	192	16.58	11.62	16.522	2.764	2.764	65.8	0.45	22.47	23.06	12.05	31.06	13.07	16.40	121.4	env:TF_QWEN_PIPELINE=0 --expert-cache-slots 32 --expert-cache-policy lfu --prefill on --prefill-chunk-tokens 2048 --rdadvise off
tasksab-t3-en-prose-overlap	3	48	192	12.61	8.96	21.437	1.483	1.483	65.8	0.43	13.22	19.57	-1.89	28.50	12.70	5.45	121.4	--expert-cache-slots 32 --expert-cache-policy lfu --prefill on --prefill-chunk-tokens 2048 --rdadvise off
tasksab-t4-summarize-serial	3	2698	192	34.50	18.36	10.459	13.794	13.795	65.0	0.72	2.71	1.99	0.41	51.32	24.66	19.63	121.4	env:TF_QWEN_PIPELINE=0 --expert-cache-slots 32 --expert-cache-policy lfu --prefill on --prefill-chunk-tokens 2048 --rdadvise off
tasksab-t4-summarize-overlap	3	2698	192	24.85	12.29	15.625	10.169	10.169	65.0	0.73	2.72	1.98	-0.93	35.80	21.62	6.58	121.4	--expert-cache-slots 32 --expert-cache-policy lfu --prefill on --prefill-chunk-tokens 2048 --rdadvise off
slots-warmup	0	498	128	12.01	6.50	19.688	3.343	3.343	60.6	0.52	3.04	4.69	-1.02	28.49	16.60	5.71	121.0	--expert-cache-slots 16 --expert-cache-policy lfu --prefill on --prefill-chunk-tokens 2048 --rdadvise off
slots-drift	0	498	128	11.92	6.40	20.004	3.229	3.229	60.6	0.51	3.04	4.49	-1.04	27.89	16.41	5.69	121.0	--expert-cache-slots 16 --expert-cache-policy lfu --prefill on --prefill-chunk-tokens 2048 --rdadvise off
slots-s16	1	498	128	12.02	6.72	19.042	3.208	3.208	60.6	0.52	3.04	4.46	-1.06	29.50	16.85	6.16	121.0	--expert-cache-slots 16 --expert-cache-policy lfu --prefill on --prefill-chunk-tokens 2048 --rdadvise off
slots-s24	1	498	128	11.84	6.37	20.088	3.223	3.223	68.2	0.48	3.04	4.50	-1.07	28.01	16.20	5.57	121.0	--expert-cache-slots 24 --expert-cache-policy lfu --prefill on --prefill-chunk-tokens 2048 --rdadvise off
slots-s32	1	498	128	11.81	6.33	20.223	3.218	3.218	73.3	0.49	3.06	4.50	-1.10	27.94	15.76	5.74	121.0	--expert-cache-slots 32 --expert-cache-policy lfu --prefill on --prefill-chunk-tokens 2048 --rdadvise off
slots-s16	2	498	128	11.79	6.42	19.945	3.207	3.207	60.6	0.49	3.05	4.43	-1.04	28.08	16.59	5.47	121.0	--expert-cache-slots 16 --expert-cache-policy lfu --prefill on --prefill-chunk-tokens 2048 --rdadvise off
slots-s24	2	498	128	11.80	6.40	19.995	3.228	3.228	68.2	0.49	3.07	4.47	-1.06	28.30	16.12	5.59	121.0	--expert-cache-slots 24 --expert-cache-policy lfu --prefill on --prefill-chunk-tokens 2048 --rdadvise off
slots-s32	2	498	128	11.78	6.35	20.170	3.222	3.222	73.3	0.51	3.07	4.48	-1.08	28.01	15.75	5.82	121.0	--expert-cache-slots 32 --expert-cache-policy lfu --prefill on --prefill-chunk-tokens 2048 --rdadvise off
slots-s16	3	498	128	12.10	6.65	19.255	3.275	3.276	60.6	0.51	3.07	4.53	-1.02	29.11	17.14	5.68	121.0	--expert-cache-slots 16 --expert-cache-policy lfu --prefill on --prefill-chunk-tokens 2048 --rdadvise off
slots-s24	3	498	128	11.92	6.42	19.931	3.278	3.278	68.2	0.49	3.14	4.55	-1.10	28.46	16.11	5.59	121.0	--expert-cache-slots 24 --expert-cache-policy lfu --prefill on --prefill-chunk-tokens 2048 --rdadvise off
slots-s32	3	498	128	11.97	6.55	19.541	3.232	3.232	73.3	0.54	3.07	4.49	-1.08	29.15	15.87	6.15	121.0	--expert-cache-slots 32 --expert-cache-policy lfu --prefill on --prefill-chunk-tokens 2048 --rdadvise off
slots-drift	9	498	128	11.97	6.53	19.594	3.213	3.213	60.6	0.48	3.09	4.49	-1.13	28.67	16.85	5.51	121.0	--expert-cache-slots 16 --expert-cache-policy lfu --prefill on --prefill-chunk-tokens 2048 --rdadvise off
arm-warmup	0	498	128	11.88	6.45	19.837	3.236	3.236	73.3	0.52	3.04	4.52	-1.06	28.63	15.79	6.00	121.0	--expert-cache-slots 32 --expert-cache-policy lfu --prefill on --prefill-chunk-tokens 2048 --rdadvise off
arm-drift	0	498	128	11.91	6.53	19.592	3.201	3.201	73.3	0.49	3.06	4.45	-1.08	29.11	15.88	6.05	121.0	--expert-cache-slots 32 --expert-cache-policy lfu --prefill on --prefill-chunk-tokens 2048 --rdadvise off
arm-mmap	1	498	128	11.80	6.40	19.987	3.218	3.218	73.3	0.51	3.05	4.47	-1.06	28.28	15.78	5.97	121.0	--expert-cache-slots 32 --expert-cache-policy lfu --prefill on --prefill-chunk-tokens 2048 --rdadvise off
arm-pread	1	498	128	13.82	7.07	18.093	4.329	4.329	73.3	2.78	3.09	4.26	1.35	27.75	21.45	6.07	121.0	env:TF_EXPERT_MMAP=0 --expert-cache-slots 32 --expert-cache-policy lfu --prefill on --prefill-chunk-tokens 2048 --rdadvise off
arm-mmap	2	498	128	11.93	6.47	19.792	3.211	3.211	73.3	0.49	3.05	4.61	-1.21	28.81	15.62	6.09	121.0	--expert-cache-slots 32 --expert-cache-policy lfu --prefill on --prefill-chunk-tokens 2048 --rdadvise off
arm-pread	2	498	128	13.67	7.07	18.114	4.330	4.330	73.3	2.78	3.08	4.24	1.38	27.54	21.62	6.05	121.0	env:TF_EXPERT_MMAP=0 --expert-cache-slots 32 --expert-cache-policy lfu --prefill on --prefill-chunk-tokens 2048 --rdadvise off
arm-mmap	3	498	128	11.96	6.46	19.825	3.213	3.213	73.3	0.49	3.04	4.64	-1.22	28.62	15.65	6.17	121.0	--expert-cache-slots 32 --expert-cache-policy lfu --prefill on --prefill-chunk-tokens 2048 --rdadvise off
arm-pread	3	498	128	13.62	6.99	18.322	4.373	4.373	73.3	2.78	3.09	4.23	1.46	27.11	21.50	5.97	121.0	env:TF_EXPERT_MMAP=0 --expert-cache-slots 32 --expert-cache-policy lfu --prefill on --prefill-chunk-tokens 2048 --rdadvise off
arm-drift	9	498	128	12.19	6.83	18.747	3.215	3.215	73.3	0.53	3.03	4.64	-1.22	30.56	16.10	6.69	121.0	--expert-cache-slots 32 --expert-cache-policy lfu --prefill on --prefill-chunk-tokens 2048 --rdadvise off
rdadvise-warmup	0	498	128	11.88	6.55	19.552	3.228	3.228	73.3	0.50	3.04	4.51	-1.06	29.11	15.70	6.34	121.0	--expert-cache-slots 32 --expert-cache-policy lfu --prefill on --prefill-chunk-tokens 2048 --rdadvise off
rdadvise-drift	0	498	128	11.75	6.38	20.071	3.235	3.235	73.3	0.51	3.04	4.51	-1.05	28.14	15.48	6.21	121.0	--expert-cache-slots 32 --expert-cache-policy lfu --prefill on --prefill-chunk-tokens 2048 --rdadvise off
rdadvise-off	1	498	128	12.12	6.62	19.321	3.196	3.196	73.3	0.50	3.02	4.43	-1.03	29.58	15.74	6.44	121.0	--expert-cache-slots 32 --expert-cache-policy lfu --prefill on --prefill-chunk-tokens 2048 --rdadvise off
rdadvise-default	1	498	128	11.84	6.52	19.621	3.177	3.177	73.3	0.52	3.04	4.40	-1.06	28.77	15.80	6.40	121.0	--expert-cache-slots 32 --expert-cache-policy lfu --prefill on --prefill-chunk-tokens 2048 --rdadvise default
rdadvise-bounded	1	498	128	12.05	6.70	19.119	3.201	3.201	73.3	0.53	3.03	4.46	-1.06	30.01	15.80	6.49	121.0	--expert-cache-slots 32 --expert-cache-policy lfu --prefill on --prefill-chunk-tokens 2048 --rdadvise bounded
rdadvise-adaptive	1	498	128	12.01	6.66	19.226	3.191	3.191	73.3	0.52	3.04	4.45	-1.08	29.69	15.80	6.52	121.0	--expert-cache-slots 32 --expert-cache-policy lfu --prefill on --prefill-chunk-tokens 2048 --rdadvise adaptive
rdadvise-off	2	498	128	11.98	6.58	19.453	3.213	3.213	73.3	0.51	3.04	4.48	-1.07	29.10	15.94	6.37	121.0	--expert-cache-slots 32 --expert-cache-policy lfu --prefill on --prefill-chunk-tokens 2048 --rdadvise off
rdadvise-default	2	498	128	11.97	6.61	19.366	3.216	3.216	73.3	0.50	3.05	4.47	-1.06	29.34	15.88	6.42	121.0	--expert-cache-slots 32 --expert-cache-policy lfu --prefill on --prefill-chunk-tokens 2048 --rdadvise default
rdadvise-bounded	2	498	128	11.81	6.50	19.702	3.186	3.186	73.3	0.52	3.04	4.41	-1.06	28.81	15.71	6.24	121.0	--expert-cache-slots 32 --expert-cache-policy lfu --prefill on --prefill-chunk-tokens 2048 --rdadvise bounded
rdadvise-adaptive	2	498	128	11.76	6.41	19.976	3.192	3.192	73.3	0.51	3.03	4.43	-1.05	28.16	15.70	6.20	121.0	--expert-cache-slots 32 --expert-cache-policy lfu --prefill on --prefill-chunk-tokens 2048 --rdadvise adaptive
rdadvise-off	3	498	128	12.03	6.66	19.224	3.241	3.241	73.3	0.51	3.04	4.50	-1.03	29.64	15.89	6.49	121.0	--expert-cache-slots 32 --expert-cache-policy lfu --prefill on --prefill-chunk-tokens 2048 --rdadvise off
rdadvise-default	3	498	128	11.78	6.37	20.101	3.207	3.207	73.3	0.50	3.04	4.41	-1.01	28.10	15.49	6.16	121.0	--expert-cache-slots 32 --expert-cache-policy lfu --prefill on --prefill-chunk-tokens 2048 --rdadvise default
rdadvise-bounded	3	498	128	11.98	6.59	19.421	3.215	3.215	73.3	0.48	3.04	4.47	-1.06	29.29	15.77	6.44	121.0	--expert-cache-slots 32 --expert-cache-policy lfu --prefill on --prefill-chunk-tokens 2048 --rdadvise bounded
rdadvise-adaptive	3	498	128	11.86	6.52	19.621	3.185	3.185	73.3	0.52	3.04	4.42	-1.06	28.78	15.96	6.23	121.0	--expert-cache-slots 32 --expert-cache-policy lfu --prefill on --prefill-chunk-tokens 2048 --rdadvise adaptive
rdadvise-drift	9	498	128	11.78	6.39	20.046	3.220	3.220	73.3	0.53	3.04	4.47	-1.05	28.26	15.67	5.96	121.0	--expert-cache-slots 32 --expert-cache-policy lfu --prefill on --prefill-chunk-tokens 2048 --rdadvise off
chunk-warmup	0	2378	32	19.01	2.40	13.312	14.433	14.434	66.9	0.48	3.23	4.14	-1.30	39.60	27.01	8.51	118.2	--expert-cache-slots 32 --expert-cache-policy lfu --prefill on --prefill-chunk-tokens 512 --rdadvise off
chunk-drift	0	2378	32	18.62	2.13	15.011	14.235	14.235	66.9	0.48	3.22	4.06	-1.30	34.65	24.42	7.55	118.2	--expert-cache-slots 32 --expert-cache-policy lfu --prefill on --prefill-chunk-tokens 512 --rdadvise off
chunk-c512	1	2378	32	18.77	2.24	14.273	14.277	14.277	66.9	0.49	3.22	4.07	-1.29	36.99	25.20	7.87	118.2	--expert-cache-slots 32 --expert-cache-policy lfu --prefill on --prefill-chunk-tokens 512 --rdadvise off
chunk-c1024	1	2378	32	15.01	2.10	15.257	10.574	10.574	68.7	0.55	2.80	2.63	-0.99	33.81	24.51	7.23	118.2	--expert-cache-slots 32 --expert-cache-policy lfu --prefill on --prefill-chunk-tokens 1024 --rdadvise off
chunk-c2048	1	2378	32	13.02	2.17	14.769	8.627	8.627	69.3	0.68	2.65	1.82	-0.85	35.02	25.15	7.54	118.2	--expert-cache-slots 32 --expert-cache-policy lfu --prefill on --prefill-chunk-tokens 2048 --rdadvise off
chunk-c512	2	2378	32	18.92	2.16	14.794	14.534	14.534	66.9	0.48	3.22	4.18	-1.29	34.39	25.83	7.37	118.2	--expert-cache-slots 32 --expert-cache-policy lfu --prefill on --prefill-chunk-tokens 512 --rdadvise off
chunk-c1024	2	2378	32	14.97	2.12	15.069	10.532	10.532	68.7	0.57	2.79	2.61	-0.98	34.33	24.58	7.45	118.2	--expert-cache-slots 32 --expert-cache-policy lfu --prefill on --prefill-chunk-tokens 1024 --rdadvise off
chunk-c2048	2	2378	32	13.28	2.26	14.156	8.633	8.633	69.3	0.73	2.65	1.82	-0.84	36.85	25.63	8.16	118.2	--expert-cache-slots 32 --expert-cache-policy lfu --prefill on --prefill-chunk-tokens 2048 --rdadvise off
chunk-c512	3	2378	32	19.01	2.22	14.403	14.544	14.545	66.9	0.48	3.22	4.19	-1.29	35.41	26.12	7.90	118.2	--expert-cache-slots 32 --expert-cache-policy lfu --prefill on --prefill-chunk-tokens 512 --rdadvise off
chunk-c1024	3	2378	32	15.11	2.24	14.261	10.612	10.613	68.7	0.55	2.80	2.65	-0.99	36.30	25.92	7.89	118.2	--expert-cache-slots 32 --expert-cache-policy lfu --prefill on --prefill-chunk-tokens 1024 --rdadvise off
chunk-c2048	3	2378	32	13.25	2.17	14.743	8.842	8.842	69.3	0.71	2.67	1.91	-0.87	34.10	25.96	7.76	118.2	--expert-cache-slots 32 --expert-cache-policy lfu --prefill on --prefill-chunk-tokens 2048 --rdadvise off
chunk-drift	9	2378	32	18.93	2.11	15.188	14.598	14.598	66.9	0.54	3.23	4.21	-1.29	33.62	25.24	6.98	118.2	--expert-cache-slots 32 --expert-cache-policy lfu --prefill on --prefill-chunk-tokens 512 --rdadvise off
prefetch-warmup	0	498	128	11.73	6.39	20.029	3.225	3.225	73.3	0.51	3.05	4.48	-1.06	28.33	15.78	5.82	121.0	--expert-cache-slots 32 --expert-cache-policy lfu --prefill on --prefill-chunk-tokens 2048 --rdadvise off
prefetch-drift	0	498	128	11.77	6.45	19.851	3.189	3.189	73.3	0.49	3.05	4.47	-1.11	28.79	15.72	5.86	121.0	--expert-cache-slots 32 --expert-cache-policy lfu --prefill on --prefill-chunk-tokens 2048 --rdadvise off
prefetch-off	1	498	128	11.73	6.38	20.074	3.202	3.202	73.3	0.51	3.05	4.46	-1.08	28.55	15.47	5.79	121.0	--expert-cache-slots 32 --expert-cache-policy lfu --prefill on --prefill-chunk-tokens 2048 --rdadvise off
prefetch-n8	1	498	128	11.27	5.92	21.636	3.157	3.157	81.3	0.52	3.05	4.41	-1.12	29.59	23.59	-6.96	121.0	env:TF_QWEN_EXPERT_PREFETCH=8 --expert-cache-slots 32 --expert-cache-policy lfu --prefill on --prefill-chunk-tokens 2048 --rdadvise off
prefetch-off	2	498	128	11.69	6.38	20.067	3.150	3.150	73.3	0.51	3.05	4.34	-1.07	28.47	15.57	5.79	121.0	--expert-cache-slots 32 --expert-cache-policy lfu --prefill on --prefill-chunk-tokens 2048 --rdadvise off
prefetch-n8	2	498	128	11.29	5.93	21.599	3.178	3.178	81.3	0.51	3.06	4.42	-1.10	29.62	23.69	-7.01	121.0	env:TF_QWEN_EXPERT_PREFETCH=8 --expert-cache-slots 32 --expert-cache-policy lfu --prefill on --prefill-chunk-tokens 2048 --rdadvise off
prefetch-off	3	498	128	11.82	6.43	19.907	3.174	3.174	73.3	0.52	3.04	4.40	-1.07	28.66	15.67	5.90	121.0	--expert-cache-slots 32 --expert-cache-policy lfu --prefill on --prefill-chunk-tokens 2048 --rdadvise off
prefetch-n8	3	498	128	11.58	6.10	20.984	3.300	3.300	81.3	0.50	3.05	4.68	-1.10	29.83	25.38	-7.55	121.0	env:TF_QWEN_EXPERT_PREFETCH=8 --expert-cache-slots 32 --expert-cache-policy lfu --prefill on --prefill-chunk-tokens 2048 --rdadvise off
prefetch-drift	9	498	128	11.73	6.40	20.014	3.171	3.171	73.3	0.53	3.05	4.38	-1.06	28.47	15.57	5.92	121.0	--expert-cache-slots 32 --expert-cache-policy lfu --prefill on --prefill-chunk-tokens 2048 --rdadvise off
prefetch-warmup	0	56	192	11.94	8.34	23.019	1.437	1.437	72.4	0.42	10.99	15.77	-1.10	26.78	11.75	4.92	121.4	--expert-cache-slots 32 --expert-cache-policy lfu --prefill on --prefill-chunk-tokens 2048 --rdadvise off
prefetch-drift	0	56	192	12.03	8.49	22.624	1.407	1.407	72.4	0.47	10.14	15.81	-0.82	27.02	11.70	5.48	121.4	--expert-cache-slots 32 --expert-cache-policy lfu --prefill on --prefill-chunk-tokens 2048 --rdadvise off
prefetch-off	1	56	192	12.20	8.58	22.370	1.425	1.425	72.4	0.46	10.06	16.05	-0.67	27.19	12.03	5.48	121.4	--expert-cache-slots 32 --expert-cache-policy lfu --prefill on --prefill-chunk-tokens 2048 --rdadvise off
prefetch-n8	1	56	192	12.01	8.41	22.831	1.429	1.429	80.6	0.47	10.42	16.30	-1.20	28.95	20.09	-5.24	121.4	env:TF_QWEN_EXPERT_PREFETCH=8 --expert-cache-slots 32 --expert-cache-policy lfu --prefill on --prefill-chunk-tokens 2048 --rdadvise off
prefetch-off	2	56	192	12.08	8.51	22.574	1.417	1.417	72.4	0.50	10.17	15.94	-0.81	27.01	11.93	5.36	121.4	--expert-cache-slots 32 --expert-cache-policy lfu --prefill on --prefill-chunk-tokens 2048 --rdadvise off
prefetch-n8	2	56	192	12.06	8.41	22.831	1.404	1.404	80.6	0.46	10.42	15.71	-1.06	28.95	19.82	-4.97	121.4	env:TF_QWEN_EXPERT_PREFETCH=8 --expert-cache-slots 32 --expert-cache-policy lfu --prefill on --prefill-chunk-tokens 2048 --rdadvise off
prefetch-off	3	56	192	12.19	8.57	22.411	1.442	1.442	72.4	0.47	10.49	16.26	-1.00	27.25	11.90	5.47	121.4	--expert-cache-slots 32 --expert-cache-policy lfu --prefill on --prefill-chunk-tokens 2048 --rdadvise off
prefetch-n8	3	56	192	12.08	8.45	22.721	1.414	1.414	80.6	0.46	10.36	15.87	-0.98	29.00	20.35	-5.33	121.4	env:TF_QWEN_EXPERT_PREFETCH=8 --expert-cache-slots 32 --expert-cache-policy lfu --prefill on --prefill-chunk-tokens 2048 --rdadvise off
prefetch-drift	9	56	192	12.14	8.54	22.490	1.444	1.444	72.4	0.44	10.38	16.48	-1.07	27.13	11.88	5.45	121.4	--expert-cache-slots 32 --expert-cache-policy lfu --prefill on --prefill-chunk-tokens 2048 --rdadvise off
prefetch-warmup	0	2698	192	25.06	12.69	15.127	10.149	10.149	65.0	0.72	2.71	1.98	-0.93	36.81	22.72	6.58	121.4	--expert-cache-slots 32 --expert-cache-policy lfu --prefill on --prefill-chunk-tokens 2048 --rdadvise off
prefetch-drift	0	2698	192	25.20	12.63	15.207	10.197	10.197	65.0	0.72	2.72	1.99	-0.92	36.06	23.24	6.46	121.4	--expert-cache-slots 32 --expert-cache-policy lfu --prefill on --prefill-chunk-tokens 2048 --rdadvise off
prefetch-off	1	2698	192	23.92	11.62	16.527	10.063	10.063	65.0	0.69	2.73	1.95	-0.95	33.81	21.49	5.21	121.4	--expert-cache-slots 32 --expert-cache-policy lfu --prefill on --prefill-chunk-tokens 2048 --rdadvise off
prefetch-n8	1	2698	192	23.00	10.60	18.119	10.016	10.016	75.2	0.75	2.75	1.93	-0.98	33.52	36.72	-15.05	121.4	env:TF_QWEN_EXPERT_PREFETCH=8 --expert-cache-slots 32 --expert-cache-policy lfu --prefill on --prefill-chunk-tokens 2048 --rdadvise off
prefetch-off	2	2698	192	24.51	12.20	15.736	10.008	10.008	65.0	0.72	2.76	1.93	-0.98	35.51	21.84	6.19	121.4	--expert-cache-slots 32 --expert-cache-policy lfu --prefill on --prefill-chunk-tokens 2048 --rdadvise off
prefetch-n8	2	2698	192	23.15	10.72	17.916	10.066	10.066	75.2	0.70	2.72	1.95	-0.94	33.55	37.27	-15.00	121.4	env:TF_QWEN_EXPERT_PREFETCH=8 --expert-cache-slots 32 --expert-cache-policy lfu --prefill on --prefill-chunk-tokens 2048 --rdadvise off
prefetch-off	3	2698	192	24.52	12.13	15.825	10.131	10.131	65.0	0.74	2.73	1.96	-0.93	35.10	21.74	6.35	121.4	--expert-cache-slots 32 --expert-cache-policy lfu --prefill on --prefill-chunk-tokens 2048 --rdadvise off
prefetch-n8	3	2698	192	23.01	10.73	17.893	10.089	10.089	75.2	0.69	2.73	1.95	-0.94	33.43	37.01	-14.55	121.4	env:TF_QWEN_EXPERT_PREFETCH=8 --expert-cache-slots 32 --expert-cache-policy lfu --prefill on --prefill-chunk-tokens 2048 --rdadvise off
prefetch-drift	9	2698	192	24.73	12.28	15.632	10.125	10.125	65.0	0.73	2.72	1.96	-0.93	36.07	21.63	6.27	121.4	--expert-cache-slots 32 --expert-cache-policy lfu --prefill on --prefill-chunk-tokens 2048 --rdadvise off
prefetchn-warmup	0	498	128	11.78	6.46	19.811	3.241	3.241	73.3	0.51	3.05	4.50	-1.04	28.57	15.78	6.13	121.0	--expert-cache-slots 32 --expert-cache-policy lfu --prefill on --prefill-chunk-tokens 2048 --rdadvise off
prefetchn-drift	0	498	128	11.84	6.40	20.007	3.184	3.184	73.3	0.53	3.04	4.43	-1.07	28.33	15.70	5.95	121.0	--expert-cache-slots 32 --expert-cache-policy lfu --prefill on --prefill-chunk-tokens 2048 --rdadvise off
prefetchn-off	1	498	128	11.78	6.47	19.772	3.196	3.196	73.3	0.54	3.04	4.44	-1.06	28.71	15.75	6.12	121.0	--expert-cache-slots 32 --expert-cache-policy lfu --prefill on --prefill-chunk-tokens 2048 --rdadvise off
prefetchn-n8	1	498	128	11.63	6.20	20.653	3.306	3.306	81.3	0.53	3.05	4.67	-1.08	29.90	26.23	-7.71	121.0	env:TF_QWEN_EXPERT_PREFETCH=8 --expert-cache-slots 32 --expert-cache-policy lfu --prefill on --prefill-chunk-tokens 2048 --rdadvise off
prefetchn-n8w	1	498	128	11.35	5.93	21.582	3.277	3.277	81.3	0.51	3.04	4.60	-1.06	28.46	24.72	-6.84	121.0	env:TF_QWEN_EXPERT_PREFETCH=8 env:TF_QWEN_PREVIEW_WIDE=1 --expert-cache-slots 32 --expert-cache-policy lfu --prefill on --prefill-chunk-tokens 2048 --rdadvise off
prefetchn-n12	1	498	128	11.22	5.87	21.799	3.177	3.178	77.4	0.50	3.04	4.36	-1.02	28.39	29.47	-11.99	121.0	env:TF_QWEN_EXPERT_PREFETCH=12 --expert-cache-slots 32 --expert-cache-policy lfu --prefill on --prefill-chunk-tokens 2048 --rdadvise off
prefetchn-n16	1	498	128	11.94	6.61	19.377	3.190	3.190	72.9	0.54	3.04	4.42	-1.05	29.81	38.88	-17.08	121.0	env:TF_QWEN_EXPERT_PREFETCH=16 --expert-cache-slots 32 --expert-cache-policy lfu --prefill on --prefill-chunk-tokens 2048 --rdadvise off
prefetchn-off	2	498	128	11.74	6.33	20.212	3.186	3.186	73.3	0.54	3.05	4.40	-1.06	28.06	15.43	5.99	121.0	--expert-cache-slots 32 --expert-cache-policy lfu --prefill on --prefill-chunk-tokens 2048 --rdadvise off
prefetchn-n8	2	498	128	11.21	5.90	21.697	3.173	3.173	81.3	0.51	3.05	4.38	-1.06	29.47	23.24	-6.62	121.0	env:TF_QWEN_EXPERT_PREFETCH=8 --expert-cache-slots 32 --expert-cache-policy lfu --prefill on --prefill-chunk-tokens 2048 --rdadvise off
prefetchn-n8w	2	498	128	11.07	5.78	22.148	3.138	3.138	81.3	0.49	3.04	4.32	-1.06	28.17	23.26	-6.28	121.0	env:TF_QWEN_EXPERT_PREFETCH=8 env:TF_QWEN_PREVIEW_WIDE=1 --expert-cache-slots 32 --expert-cache-policy lfu --prefill on --prefill-chunk-tokens 2048 --rdadvise off
prefetchn-n12	2	498	128	11.21	5.95	21.527	3.140	3.140	77.4	0.53	3.04	4.32	-1.06	28.30	30.05	-11.90	121.0	env:TF_QWEN_EXPERT_PREFETCH=12 --expert-cache-slots 32 --expert-cache-policy lfu --prefill on --prefill-chunk-tokens 2048 --rdadvise off
prefetchn-n16	2	498	128	11.76	6.45	19.847	3.162	3.162	72.9	0.51	3.04	4.36	-1.05	29.41	37.97	-16.99	121.0	env:TF_QWEN_EXPERT_PREFETCH=16 --expert-cache-slots 32 --expert-cache-policy lfu --prefill on --prefill-chunk-tokens 2048 --rdadvise off
prefetchn-off	3	498	128	11.89	6.48	19.758	3.199	3.199	73.3	0.51	3.05	4.43	-1.05	28.93	15.56	6.12	121.0	--expert-cache-slots 32 --expert-cache-policy lfu --prefill on --prefill-chunk-tokens 2048 --rdadvise off
prefetchn-n8	3	498	128	11.26	5.93	21.573	3.175	3.175	81.3	0.51	3.05	4.39	-1.06	29.63	23.41	-6.69	121.0	env:TF_QWEN_EXPERT_PREFETCH=8 --expert-cache-slots 32 --expert-cache-policy lfu --prefill on --prefill-chunk-tokens 2048 --rdadvise off
prefetchn-n8w	3	498	128	11.37	5.94	21.532	3.261	3.261	81.3	0.51	3.04	4.53	-1.02	28.28	24.75	-6.59	121.0	env:TF_QWEN_EXPERT_PREFETCH=8 env:TF_QWEN_PREVIEW_WIDE=1 --expert-cache-slots 32 --expert-cache-policy lfu --prefill on --prefill-chunk-tokens 2048 --rdadvise off
prefetchn-n12	3	498	128	11.20	5.85	21.867	3.168	3.168	77.4	0.54	3.04	4.35	-1.03	28.28	29.36	-11.90	121.0	env:TF_QWEN_EXPERT_PREFETCH=12 --expert-cache-slots 32 --expert-cache-policy lfu --prefill on --prefill-chunk-tokens 2048 --rdadvise off
prefetchn-n16	3	498	128	11.75	6.42	19.923	3.165	3.166	72.9	0.53	3.05	4.35	-1.05	29.13	38.00	-16.93	121.0	env:TF_QWEN_EXPERT_PREFETCH=16 --expert-cache-slots 32 --expert-cache-policy lfu --prefill on --prefill-chunk-tokens 2048 --rdadvise off
prefetchn-drift	9	498	128	11.74	6.39	20.029	3.202	3.202	73.3	0.52	3.05	4.43	-1.06	28.60	15.34	5.99	121.0	--expert-cache-slots 32 --expert-cache-policy lfu --prefill on --prefill-chunk-tokens 2048 --rdadvise off
prefetchn-warmup	0	2698	128	21.20	8.74	14.654	10.292	10.292	65.9	0.71	2.70	2.02	-0.91	37.66	23.30	7.28	121.0	--expert-cache-slots 32 --expert-cache-policy lfu --prefill on --prefill-chunk-tokens 2048 --rdadvise off
prefetchn-drift	0	2698	128	20.83	8.32	15.388	10.230	10.230	65.9	0.71	2.72	2.00	-0.93	35.13	23.01	6.85	121.0	--expert-cache-slots 32 --expert-cache-policy lfu --prefill on --prefill-chunk-tokens 2048 --rdadvise off
prefetchn-off	1	2698	128	20.61	8.25	15.523	10.105	10.105	65.9	0.72	2.71	1.95	-0.91	35.94	21.92	6.56	121.0	--expert-cache-slots 32 --expert-cache-policy lfu --prefill on --prefill-chunk-tokens 2048 --rdadvise off
prefetchn-n8	1	2698	128	19.92	7.57	16.901	10.092	10.092	75.7	0.72	2.71	1.93	-0.90	34.97	40.34	-16.14	121.0	env:TF_QWEN_EXPERT_PREFETCH=8 --expert-cache-slots 32 --expert-cache-policy lfu --prefill on --prefill-chunk-tokens 2048 --rdadvise off
prefetchn-n8w	1	2698	128	19.71	7.22	17.722	10.209	10.209	75.7	0.72	2.72	1.98	-0.92	32.16	39.55	-15.28	121.0	env:TF_QWEN_EXPERT_PREFETCH=8 env:TF_QWEN_PREVIEW_WIDE=1 --expert-cache-slots 32 --expert-cache-policy lfu --prefill on --prefill-chunk-tokens 2048 --rdadvise off
prefetchn-n12	1	2698	128	19.76	7.31	17.501	10.123	10.123	72.6	0.70	2.72	1.95	-0.92	32.82	45.40	-21.08	121.0	env:TF_QWEN_EXPERT_PREFETCH=12 --expert-cache-slots 32 --expert-cache-policy lfu --prefill on --prefill-chunk-tokens 2048 --rdadvise off
prefetchn-n16	1	2698	128	20.49	7.98	16.045	10.136	10.136	68.9	0.73	2.69	1.97	-0.91	34.29	53.72	-25.68	121.0	env:TF_QWEN_EXPERT_PREFETCH=16 --expert-cache-slots 32 --expert-cache-policy lfu --prefill on --prefill-chunk-tokens 2048 --rdadvise off
prefetchn-off	2	2698	128	21.13	8.66	14.773	10.159	10.159	65.9	0.72	2.72	1.99	-0.95	37.70	22.95	7.04	121.0	--expert-cache-slots 32 --expert-cache-policy lfu --prefill on --prefill-chunk-tokens 2048 --rdadvise off
prefetchn-n8	2	2698	128	19.59	7.28	17.589	10.106	10.106	75.7	0.74	2.70	1.97	-0.92	33.55	38.08	-14.77	121.0	env:TF_QWEN_EXPERT_PREFETCH=8 --expert-cache-slots 32 --expert-cache-policy lfu --prefill on --prefill-chunk-tokens 2048 --rdadvise off
prefetchn-n8w	2	2698	128	19.50	7.08	18.076	10.096	10.096	75.7	0.69	2.71	1.96	-0.92	32.09	37.66	-14.43	121.0	env:TF_QWEN_EXPERT_PREFETCH=8 env:TF_QWEN_PREVIEW_WIDE=1 --expert-cache-slots 32 --expert-cache-policy lfu --prefill on --prefill-chunk-tokens 2048 --rdadvise off
prefetchn-n12	2	2698	128	20.03	7.38	17.339	10.257	10.257	72.6	0.72	2.69	2.01	-0.91	32.58	46.90	-21.81	121.0	env:TF_QWEN_EXPERT_PREFETCH=12 --expert-cache-slots 32 --expert-cache-policy lfu --prefill on --prefill-chunk-tokens 2048 --rdadvise off
prefetchn-n16	2	2698	128	20.65	8.15	15.714	10.148	10.148	68.9	0.69	2.74	1.98	-0.95	34.66	55.32	-26.34	121.0	env:TF_QWEN_EXPERT_PREFETCH=16 --expert-cache-slots 32 --expert-cache-policy lfu --prefill on --prefill-chunk-tokens 2048 --rdadvise off
prefetchn-off	3	2698	128	21.10	8.73	14.662	10.014	10.014	65.9	0.72	2.69	1.94	-0.92	37.87	22.81	7.52	121.0	--expert-cache-slots 32 --expert-cache-policy lfu --prefill on --prefill-chunk-tokens 2048 --rdadvise off
prefetchn-n8	3	2698	128	19.49	7.21	17.743	10.051	10.051	75.7	0.79	2.69	1.95	-0.91	33.47	36.61	-13.72	121.0	env:TF_QWEN_EXPERT_PREFETCH=8 --expert-cache-slots 32 --expert-cache-policy lfu --prefill on --prefill-chunk-tokens 2048 --rdadvise off
prefetchn-n8w	3	2698	128	19.29	7.02	18.221	10.079	10.079	75.7	0.74	2.70	1.95	-0.91	32.16	36.08	-13.35	121.0	env:TF_QWEN_EXPERT_PREFETCH=8 env:TF_QWEN_PREVIEW_WIDE=1 --expert-cache-slots 32 --expert-cache-policy lfu --prefill on --prefill-chunk-tokens 2048 --rdadvise off
prefetchn-n12	3	2698	128	19.87	7.40	17.298	10.275	10.275	72.6	0.74	2.69	2.03	-0.91	32.87	45.12	-20.18	121.0	env:TF_QWEN_EXPERT_PREFETCH=12 --expert-cache-slots 32 --expert-cache-policy lfu --prefill on --prefill-chunk-tokens 2048 --rdadvise off
prefetchn-n16	3	2698	128	20.28	7.90	16.199	10.037	10.037	68.9	0.70	2.69	1.93	-0.90	34.09	52.90	-25.26	121.0	env:TF_QWEN_EXPERT_PREFETCH=16 --expert-cache-slots 32 --expert-cache-policy lfu --prefill on --prefill-chunk-tokens 2048 --rdadvise off
prefetchn-drift	9	2698	128	20.80	8.54	14.981	10.013	10.013	65.9	0.69	2.69	1.93	-0.92	37.02	22.50	7.23	121.0	--expert-cache-slots 32 --expert-cache-policy lfu --prefill on --prefill-chunk-tokens 2048 --rdadvise off
prefetchw-warmup	0	56	128	9.26	5.74	22.312	1.459	1.459	72.9	0.42	10.82	16.42	-1.19	27.01	12.20	5.61	121.0	--expert-cache-slots 32 --expert-cache-policy lfu --prefill on --prefill-chunk-tokens 2048 --rdadvise off
prefetchw-drift	0	56	128	9.32	5.75	22.245	1.410	1.410	72.9	0.46	9.81	15.73	-0.37	27.25	12.04	5.67	121.0	--expert-cache-slots 32 --expert-cache-policy lfu --prefill on --prefill-chunk-tokens 2048 --rdadvise off
prefetchw-off	1	56	128	9.56	5.84	21.917	1.405	1.405	72.9	0.46	10.26	15.68	-0.84	27.59	12.34	5.70	121.0	--expert-cache-slots 32 --expert-cache-policy lfu --prefill on --prefill-chunk-tokens 2048 --rdadvise off
prefetchw-n8	1	56	128	9.03	5.49	23.298	1.412	1.412	81.0	0.46	9.91	16.01	-0.70	28.43	19.10	-4.61	121.0	env:TF_QWEN_EXPERT_PREFETCH=8 --expert-cache-slots 32 --expert-cache-policy lfu --prefill on --prefill-chunk-tokens 2048 --rdadvise off
prefetchw-n8w	1	56	128	8.89	5.34	23.984	1.423	1.423	81.0	0.44	10.07	16.01	-0.67	27.24	18.90	-4.44	121.0	env:TF_QWEN_EXPERT_PREFETCH=8 env:TF_QWEN_PREVIEW_WIDE=1 --expert-cache-slots 32 --expert-cache-policy lfu --prefill on --prefill-chunk-tokens 2048 --rdadvise off
prefetchw-off	2	56	128	9.31	5.77	22.180	1.411	1.411	72.9	0.44	10.00	15.90	-0.71	27.34	12.21	5.53	121.0	--expert-cache-slots 32 --expert-cache-policy lfu --prefill on --prefill-chunk-tokens 2048 --rdadvise off
prefetchw-n8	2	56	128	9.09	5.51	23.215	1.421	1.421	81.0	0.42	10.49	15.78	-0.90	28.50	19.33	-4.75	121.0	env:TF_QWEN_EXPERT_PREFETCH=8 --expert-cache-slots 32 --expert-cache-policy lfu --prefill on --prefill-chunk-tokens 2048 --rdadvise off
prefetchw-n8w	2	56	128	9.11	5.36	23.870	1.430	1.430	81.0	0.46	10.51	15.90	-0.87	27.04	19.40	-4.55	121.0	env:TF_QWEN_EXPERT_PREFETCH=8 env:TF_QWEN_PREVIEW_WIDE=1 --expert-cache-slots 32 --expert-cache-policy lfu --prefill on --prefill-chunk-tokens 2048 --rdadvise off
prefetchw-off	3	56	128	9.37	5.79	22.117	1.448	1.449	72.9	0.42	10.69	16.22	-1.05	27.55	12.11	5.55	121.0	--expert-cache-slots 32 --expert-cache-policy lfu --prefill on --prefill-chunk-tokens 2048 --rdadvise off
prefetchw-n8	3	56	128	9.02	5.50	23.288	1.385	1.385	81.0	0.43	9.77	15.52	-0.56	28.41	18.95	-4.42	121.0	env:TF_QWEN_EXPERT_PREFETCH=8 --expert-cache-slots 32 --expert-cache-policy lfu --prefill on --prefill-chunk-tokens 2048 --rdadvise off
prefetchw-n8w	3	56	128	8.89	5.33	24.030	1.409	1.409	81.0	0.45	10.43	15.68	-0.96	26.98	19.01	-4.38	121.0	env:TF_QWEN_EXPERT_PREFETCH=8 env:TF_QWEN_PREVIEW_WIDE=1 --expert-cache-slots 32 --expert-cache-policy lfu --prefill on --prefill-chunk-tokens 2048 --rdadvise off
prefetchw-drift	9	56	128	9.36	5.78	22.157	1.416	1.416	72.9	0.44	10.28	15.74	-0.73	27.14	12.32	5.67	121.0	--expert-cache-slots 32 --expert-cache-policy lfu --prefill on --prefill-chunk-tokens 2048 --rdadvise off
prefetchw-warmup	0	60	128	10.25	6.56	19.507	1.533	1.533	70.3	0.45	10.63	16.62	-1.70	29.78	15.43	6.05	121.0	--expert-cache-slots 32 --expert-cache-policy lfu --prefill on --prefill-chunk-tokens 2048 --rdadvise off
prefetchw-drift	0	60	128	10.36	6.51	19.648	1.548	1.548	70.3	0.42	10.79	16.91	-1.90	29.48	15.38	6.03	121.0	--expert-cache-slots 32 --expert-cache-policy lfu --prefill on --prefill-chunk-tokens 2048 --rdadvise off
prefetchw-off	1	60	128	10.36	6.67	19.183	1.525	1.525	70.3	0.45	11.17	16.58	-2.32	30.48	15.57	6.08	121.0	--expert-cache-slots 32 --expert-cache-policy lfu --prefill on --prefill-chunk-tokens 2048 --rdadvise off
prefetchw-n8	1	60	128	9.54	5.88	21.778	1.560	1.560	78.7	0.46	10.58	17.12	-1.70	28.65	24.94	-7.67	121.0	env:TF_QWEN_EXPERT_PREFETCH=8 --expert-cache-slots 32 --expert-cache-policy lfu --prefill on --prefill-chunk-tokens 2048 --rdadvise off
prefetchw-n8w	1	60	128	9.44	5.69	22.489	1.583	1.583	78.7	0.45	11.20	17.05	-1.86	27.23	24.91	-7.67	121.0	env:TF_QWEN_EXPERT_PREFETCH=8 env:TF_QWEN_PREVIEW_WIDE=1 --expert-cache-slots 32 --expert-cache-policy lfu --prefill on --prefill-chunk-tokens 2048 --rdadvise off
prefetchw-off	2	60	128	10.65	6.76	18.933	1.620	1.621	70.3	0.44	11.69	17.69	-2.37	30.83	15.59	6.40	121.0	--expert-cache-slots 32 --expert-cache-policy lfu --prefill on --prefill-chunk-tokens 2048 --rdadvise off
prefetchw-n8	2	60	128	9.51	5.84	21.910	1.514	1.515	78.7	0.47	10.67	16.36	-1.79	28.71	24.80	-7.86	121.0	env:TF_QWEN_EXPERT_PREFETCH=8 --expert-cache-slots 32 --expert-cache-policy lfu --prefill on --prefill-chunk-tokens 2048 --rdadvise off
prefetchw-n8w	2	60	128	9.42	5.67	22.566	1.587	1.587	78.7	0.46	10.81	17.62	-1.97	27.14	24.64	-7.46	121.0	env:TF_QWEN_EXPERT_PREFETCH=8 env:TF_QWEN_PREVIEW_WIDE=1 --expert-cache-slots 32 --expert-cache-policy lfu --prefill on --prefill-chunk-tokens 2048 --rdadvise off
prefetchw-off	3	60	128	10.85	7.01	18.248	1.579	1.580	70.3	0.44	11.72	17.07	-2.47	32.22	16.00	6.58	121.0	--expert-cache-slots 32 --expert-cache-policy lfu --prefill on --prefill-chunk-tokens 2048 --rdadvise off
prefetchw-n8	3	60	128	9.53	5.85	21.875	1.554	1.554	78.7	0.46	10.72	17.06	-1.87	28.63	25.08	-8.00	121.0	env:TF_QWEN_EXPERT_PREFETCH=8 --expert-cache-slots 32 --expert-cache-policy lfu --prefill on --prefill-chunk-tokens 2048 --rdadvise off
prefetchw-n8w	3	60	128	9.45	5.68	22.536	1.576	1.577	78.7	0.46	11.23	17.13	-2.08	27.18	24.77	-7.58	121.0	env:TF_QWEN_EXPERT_PREFETCH=8 env:TF_QWEN_PREVIEW_WIDE=1 --expert-cache-slots 32 --expert-cache-policy lfu --prefill on --prefill-chunk-tokens 2048 --rdadvise off
prefetchw-drift	9	60	128	10.81	7.02	18.231	1.589	1.589	70.3	0.42	11.37	17.45	-2.33	32.10	16.26	6.49	121.0	--expert-cache-slots 32 --expert-cache-policy lfu --prefill on --prefill-chunk-tokens 2048 --rdadvise off
prefetchw-warmup	0	48	128	10.21	6.44	19.887	1.672	1.672	64.5	0.44	14.71	23.25	-3.12	30.40	14.14	5.75	121.0	--expert-cache-slots 32 --expert-cache-policy lfu --prefill on --prefill-chunk-tokens 2048 --rdadvise off
prefetchw-drift	0	48	128	10.78	7.07	18.116	1.483	1.484	64.5	0.43	12.98	19.57	-1.65	32.71	15.83	6.66	121.0	--expert-cache-slots 32 --expert-cache-policy lfu --prefill on --prefill-chunk-tokens 2048 --rdadvise off
prefetchw-off	1	48	128	10.44	6.87	18.630	1.478	1.478	64.5	0.45	12.61	19.66	-1.47	32.15	15.16	6.36	121.0	--expert-cache-slots 32 --expert-cache-policy lfu --prefill on --prefill-chunk-tokens 2048 --rdadvise off
prefetchw-n8	1	48	128	9.44	5.79	22.093	1.540	1.540	76.8	0.45	12.74	20.69	-1.35	29.13	23.02	-6.89	121.0	env:TF_QWEN_EXPERT_PREFETCH=8 --expert-cache-slots 32 --expert-cache-policy lfu --prefill on --prefill-chunk-tokens 2048 --rdadvise off
prefetchw-n8w	1	48	128	9.36	5.68	22.548	1.531	1.532	76.8	0.47	12.45	20.41	-0.96	28.22	22.71	-6.59	121.0	env:TF_QWEN_EXPERT_PREFETCH=8 env:TF_QWEN_PREVIEW_WIDE=1 --expert-cache-slots 32 --expert-cache-policy lfu --prefill on --prefill-chunk-tokens 2048 --rdadvise off
prefetchw-off	2	48	128	10.84	7.13	17.941	1.531	1.531	64.5	0.43	12.27	20.21	-0.60	33.45	15.71	6.58	121.0	--expert-cache-slots 32 --expert-cache-policy lfu --prefill on --prefill-chunk-tokens 2048 --rdadvise off
prefetchw-n8	2	48	128	11.07	6.36	20.140	2.520	2.520	76.8	0.47	18.31	39.34	-5.14	30.42	27.65	-8.42	121.0	env:TF_QWEN_EXPERT_PREFETCH=8 --expert-cache-slots 32 --expert-cache-policy lfu --prefill on --prefill-chunk-tokens 2048 --rdadvise off
prefetchw-n8w	2	48	128	9.26	5.62	22.782	1.502	1.503	76.8	0.42	11.96	20.19	-0.84	27.66	22.74	-6.51	121.0	env:TF_QWEN_EXPERT_PREFETCH=8 env:TF_QWEN_PREVIEW_WIDE=1 --expert-cache-slots 32 --expert-cache-policy lfu --prefill on --prefill-chunk-tokens 2048 --rdadvise off
prefetchw-off	3	48	128	9.94	6.38	20.069	1.448	1.448	64.5	0.46	12.43	19.26	-1.53	30.30	13.71	5.82	121.0	--expert-cache-slots 32 --expert-cache-policy lfu --prefill on --prefill-chunk-tokens 2048 --rdadvise off
prefetchw-n8	3	48	128	9.08	5.56	23.036	1.411	1.411	76.8	0.46	12.02	18.70	-1.33	28.69	20.82	-6.10	121.0	env:TF_QWEN_EXPERT_PREFETCH=8 --expert-cache-slots 32 --expert-cache-policy lfu --prefill on --prefill-chunk-tokens 2048 --rdadvise off
prefetchw-n8w	3	48	128	9.09	5.42	23.596	1.418	1.418	76.8	0.44	11.81	18.73	-1.00	27.57	20.65	-5.84	121.0	env:TF_QWEN_EXPERT_PREFETCH=8 env:TF_QWEN_PREVIEW_WIDE=1 --expert-cache-slots 32 --expert-cache-policy lfu --prefill on --prefill-chunk-tokens 2048 --rdadvise off
prefetchw-drift	9	48	128	10.33	6.79	18.860	1.456	1.456	64.5	0.42	12.40	19.42	-1.49	31.84	14.96	6.23	121.0	--expert-cache-slots 32 --expert-cache-policy lfu --prefill on --prefill-chunk-tokens 2048 --rdadvise off
prefetchw-warmup	0	60	128	11.04	7.24	17.684	1.600	1.600	70.3	0.43	10.45	17.25	-1.03	32.83	16.94	6.78	121.0	--expert-cache-slots 32 --expert-cache-policy lfu --prefill on --prefill-chunk-tokens 2048 --rdadvise off
prefetchw-drift	0	60	128	10.69	6.82	18.778	1.625	1.626	70.3	0.44	11.48	17.81	-2.20	31.14	15.81	6.30	121.0	--expert-cache-slots 32 --expert-cache-policy lfu --prefill on --prefill-chunk-tokens 2048 --rdadvise off
prefetchw-off	1	60	128	10.10	6.42	19.939	1.556	1.556	70.3	0.45	10.93	16.83	-1.82	29.54	14.86	5.76	121.0	--expert-cache-slots 32 --expert-cache-policy lfu --prefill on --prefill-chunk-tokens 2048 --rdadvise off
prefetchw-n8	1	60	128	9.45	5.80	22.060	1.490	1.490	78.7	0.44	10.26	15.88	-1.32	28.57	24.11	-7.35	121.0	env:TF_QWEN_EXPERT_PREFETCH=8 --expert-cache-slots 32 --expert-cache-policy lfu --prefill on --prefill-chunk-tokens 2048 --rdadvise off
prefetchw-n8w	1	60	128	9.59	5.73	22.334	1.585	1.585	78.7	0.47	10.52	17.54	-1.64	27.29	25.43	-7.94	121.0	env:TF_QWEN_EXPERT_PREFETCH=8 env:TF_QWEN_PREVIEW_WIDE=1 --expert-cache-slots 32 --expert-cache-policy lfu --prefill on --prefill-chunk-tokens 2048 --rdadvise off
prefetchw-off	2	60	128	10.88	7.08	18.082	1.578	1.578	70.3	0.45	10.98	17.34	-2.02	32.05	16.38	6.87	121.0	--expert-cache-slots 32 --expert-cache-policy lfu --prefill on --prefill-chunk-tokens 2048 --rdadvise off
prefetchw-n8	2	60	128	9.49	5.84	21.912	1.550	1.550	78.7	0.46	11.12	16.68	-1.96	28.91	24.08	-7.35	121.0	env:TF_QWEN_EXPERT_PREFETCH=8 --expert-cache-slots 32 --expert-cache-policy lfu --prefill on --prefill-chunk-tokens 2048 --rdadvise off
prefetchw-n8w	2	60	128	9.54	5.76	22.230	1.594	1.594	78.7	0.46	11.03	17.33	-1.81	27.63	25.09	-7.74	121.0	env:TF_QWEN_EXPERT_PREFETCH=8 env:TF_QWEN_PREVIEW_WIDE=1 --expert-cache-slots 32 --expert-cache-policy lfu --prefill on --prefill-chunk-tokens 2048 --rdadvise off
prefetchw-off	3	60	128	10.30	6.53	19.609	1.580	1.580	70.3	0.43	11.05	17.28	-1.99	29.74	15.03	6.23	121.0	--expert-cache-slots 32 --expert-cache-policy lfu --prefill on --prefill-chunk-tokens 2048 --rdadvise off
prefetchw-n8	3	60	128	9.59	5.87	21.819	1.594	1.595	78.7	0.46	11.62	17.17	-2.22	28.96	24.60	-7.73	121.0	env:TF_QWEN_EXPERT_PREFETCH=8 --expert-cache-slots 32 --expert-cache-policy lfu --prefill on --prefill-chunk-tokens 2048 --rdadvise off
prefetchw-n8w	3	60	128	9.51	5.72	22.373	1.619	1.619	78.7	0.46	11.53	17.59	-2.13	27.37	24.73	-7.40	121.0	env:TF_QWEN_EXPERT_PREFETCH=8 env:TF_QWEN_PREVIEW_WIDE=1 --expert-cache-slots 32 --expert-cache-policy lfu --prefill on --prefill-chunk-tokens 2048 --rdadvise off
prefetchw-drift	9	60	128	10.19	6.39	20.016	1.604	1.604	70.3	0.45	11.41	17.27	-1.95	28.75	15.09	6.12	121.0	--expert-cache-slots 32 --expert-cache-policy lfu --prefill on --prefill-chunk-tokens 2048 --rdadvise off
prefetchw-warmup	0	60	128	9.98	6.31	20.298	1.556	1.556	70.3	0.45	11.22	16.67	-1.95	28.62	14.91	5.73	121.0	--expert-cache-slots 32 --expert-cache-policy lfu --prefill on --prefill-chunk-tokens 2048 --rdadvise off
prefetchw-drift	0	60	128	10.04	6.35	20.158	1.556	1.556	70.3	0.46	11.55	16.62	-2.23	28.90	14.93	5.78	121.0	--expert-cache-slots 32 --expert-cache-policy lfu --prefill on --prefill-chunk-tokens 2048 --rdadvise off
prefetchw-off	1	60	128	10.01	6.40	20.009	1.496	1.496	70.3	0.42	10.57	16.08	-1.72	29.08	15.07	5.83	121.0	--expert-cache-slots 32 --expert-cache-policy lfu --prefill on --prefill-chunk-tokens 2048 --rdadvise off
prefetchw-n8	1	60	128	9.53	5.86	21.854	1.542	1.542	78.7	0.44	10.30	16.76	-1.36	28.87	24.15	-7.26	121.0	env:TF_QWEN_EXPERT_PREFETCH=8 --expert-cache-slots 32 --expert-cache-policy lfu --prefill on --prefill-chunk-tokens 2048 --rdadvise off
prefetchw-n8w	1	60	128	9.43	5.70	22.458	1.575	1.575	78.7	0.46	10.81	16.98	-1.54	27.51	24.04	-7.02	121.0	env:TF_QWEN_EXPERT_PREFETCH=8 env:TF_QWEN_PREVIEW_WIDE=1 --expert-cache-slots 32 --expert-cache-policy lfu --prefill on --prefill-chunk-tokens 2048 --rdadvise off
prefetchw-off	2	60	128	10.03	6.34	20.190	1.580	1.580	70.3	0.44	11.43	17.06	-2.14	28.99	14.80	5.73	121.0	--expert-cache-slots 32 --expert-cache-policy lfu --prefill on --prefill-chunk-tokens 2048 --rdadvise off
prefetchw-n8	2	60	128	9.69	5.97	21.424	1.551	1.551	78.7	0.45	10.33	16.81	-1.29	28.88	25.23	-7.43	121.0	env:TF_QWEN_EXPERT_PREFETCH=8 --expert-cache-slots 32 --expert-cache-policy lfu --prefill on --prefill-chunk-tokens 2048 --rdadvise off
prefetchw-n8w	2	60	128	9.41	5.70	22.453	1.582	1.582	78.7	0.46	11.51	16.97	-2.12	27.48	24.04	-6.98	121.0	env:TF_QWEN_EXPERT_PREFETCH=8 env:TF_QWEN_PREVIEW_WIDE=1 --expert-cache-slots 32 --expert-cache-policy lfu --prefill on --prefill-chunk-tokens 2048 --rdadvise off
prefetchw-off	3	60	128	10.04	6.33	20.212	1.563	1.563	70.3	0.47	10.33	17.12	-1.40	28.75	14.85	5.87	121.0	--expert-cache-slots 32 --expert-cache-policy lfu --prefill on --prefill-chunk-tokens 2048 --rdadvise off
prefetchw-n8	3	60	128	9.44	5.84	21.933	1.493	1.493	78.7	0.47	10.55	16.02	-1.68	28.90	23.95	-7.26	121.0	env:TF_QWEN_EXPERT_PREFETCH=8 --expert-cache-slots 32 --expert-cache-policy lfu --prefill on --prefill-chunk-tokens 2048 --rdadvise off
prefetchw-n8w	3	60	128	9.34	5.69	22.497	1.533	1.533	78.7	0.45	10.73	16.40	-1.57	27.56	23.88	-6.98	121.0	env:TF_QWEN_EXPERT_PREFETCH=8 env:TF_QWEN_PREVIEW_WIDE=1 --expert-cache-slots 32 --expert-cache-policy lfu --prefill on --prefill-chunk-tokens 2048 --rdadvise off
prefetchw-off	4	60	128	10.20	6.47	19.769	1.553	1.553	70.3	0.45	11.16	16.76	-2.04	29.69	14.97	5.93	121.0	--expert-cache-slots 32 --expert-cache-policy lfu --prefill on --prefill-chunk-tokens 2048 --rdadvise off
prefetchw-n8	4	60	128	9.51	5.86	21.861	1.514	1.514	78.7	0.45	10.42	16.33	-1.51	28.90	24.13	-7.29	121.0	env:TF_QWEN_EXPERT_PREFETCH=8 --expert-cache-slots 32 --expert-cache-policy lfu --prefill on --prefill-chunk-tokens 2048 --rdadvise off
prefetchw-n8w	4	60	128	9.39	5.71	22.412	1.573	1.573	78.7	0.46	11.53	17.02	-2.34	27.51	24.23	-7.12	121.0	env:TF_QWEN_EXPERT_PREFETCH=8 env:TF_QWEN_PREVIEW_WIDE=1 --expert-cache-slots 32 --expert-cache-policy lfu --prefill on --prefill-chunk-tokens 2048 --rdadvise off
prefetchw-off	5	60	128	10.00	6.30	20.318	1.541	1.541	70.3	0.42	11.13	16.55	-2.00	28.47	14.98	5.77	121.0	--expert-cache-slots 32 --expert-cache-policy lfu --prefill on --prefill-chunk-tokens 2048 --rdadvise off
prefetchw-n8	5	60	128	9.47	5.85	21.884	1.489	1.489	78.7	0.42	10.22	15.87	-1.27	28.92	24.18	-7.40	121.0	env:TF_QWEN_EXPERT_PREFETCH=8 --expert-cache-slots 32 --expert-cache-policy lfu --prefill on --prefill-chunk-tokens 2048 --rdadvise off
prefetchw-n8w	5	60	128	9.40	5.74	22.281	1.546	1.546	78.7	0.46	10.96	17.05	-2.24	27.56	24.81	-7.48	121.0	env:TF_QWEN_EXPERT_PREFETCH=8 env:TF_QWEN_PREVIEW_WIDE=1 --expert-cache-slots 32 --expert-cache-policy lfu --prefill on --prefill-chunk-tokens 2048 --rdadvise off
prefetchw-drift	9	60	128	10.24	6.54	19.569	1.569	1.569	70.3	0.45	11.36	16.97	-2.17	29.88	15.42	5.80	121.0	--expert-cache-slots 32 --expert-cache-policy lfu --prefill on --prefill-chunk-tokens 2048 --rdadvise off
prefetchw-warmup	0	498	128	11.80	6.40	20.006	3.258	3.258	73.3	0.50	3.04	4.61	-1.11	28.71	15.52	5.76	121.0	--expert-cache-slots 32 --expert-cache-policy lfu --prefill on --prefill-chunk-tokens 2048 --rdadvise off
prefetchw-drift	0	498	128	11.90	6.45	19.851	3.264	3.264	73.3	0.49	3.05	4.58	-1.08	28.15	16.36	5.87	121.0	--expert-cache-slots 32 --expert-cache-policy lfu --prefill on --prefill-chunk-tokens 2048 --rdadvise off
prefetchw-off	1	498	128	11.79	6.49	19.721	3.152	3.152	73.3	0.49	3.05	4.38	-1.11	29.33	15.54	5.84	121.0	--expert-cache-slots 32 --expert-cache-policy lfu --prefill on --prefill-chunk-tokens 2048 --rdadvise off
prefetchw-n8	1	498	128	11.22	5.95	21.498	3.134	3.134	81.3	0.53	3.05	4.35	-1.11	29.73	23.75	-6.96	121.0	env:TF_QWEN_EXPERT_PREFETCH=8 --expert-cache-slots 32 --expert-cache-policy lfu --prefill on --prefill-chunk-tokens 2048 --rdadvise off
prefetchw-n8w	1	498	128	11.12	5.81	22.033	3.169	3.170	81.3	0.49	3.05	4.41	-1.10	28.45	24.03	-7.09	121.0	env:TF_QWEN_EXPERT_PREFETCH=8 env:TF_QWEN_PREVIEW_WIDE=1 --expert-cache-slots 32 --expert-cache-policy lfu --prefill on --prefill-chunk-tokens 2048 --rdadvise off
prefetchw-off	2	498	128	11.75	6.40	19.997	3.146	3.146	73.3	0.50	3.04	4.36	-1.09	28.30	15.79	5.92	121.0	--expert-cache-slots 32 --expert-cache-policy lfu --prefill on --prefill-chunk-tokens 2048 --rdadvise off
prefetchw-n8	2	498	128	12.23	6.10	20.981	3.841	3.841	81.3	0.50	3.09	5.66	-1.04	30.19	27.23	-9.76	121.0	env:TF_QWEN_EXPERT_PREFETCH=8 --expert-cache-slots 32 --expert-cache-policy lfu --prefill on --prefill-chunk-tokens 2048 --rdadvise off
prefetchw-n8w	2	498	128	11.43	5.92	21.608	3.335	3.335	81.3	0.51	3.07	4.69	-1.06	28.30	26.18	-8.21	121.0	env:TF_QWEN_EXPERT_PREFETCH=8 env:TF_QWEN_PREVIEW_WIDE=1 --expert-cache-slots 32 --expert-cache-policy lfu --prefill on --prefill-chunk-tokens 2048 --rdadvise off
prefetchw-off	3	498	128	12.03	6.54	19.586	3.259	3.260	73.3	0.51	3.05	4.54	-1.05	28.78	16.40	5.87	121.0	--expert-cache-slots 32 --expert-cache-policy lfu --prefill on --prefill-chunk-tokens 2048 --rdadvise off
prefetchw-n8	3	498	128	11.51	6.06	21.110	3.284	3.285	81.3	0.49	3.04	4.61	-1.06	29.67	26.28	-8.57	121.0	env:TF_QWEN_EXPERT_PREFETCH=8 --expert-cache-slots 32 --expert-cache-policy lfu --prefill on --prefill-chunk-tokens 2048 --rdadvise off
prefetchw-n8w	3	498	128	11.35	5.91	21.651	3.245	3.245	81.3	0.52	3.04	4.55	-1.07	28.47	25.40	-7.68	121.0	env:TF_QWEN_EXPERT_PREFETCH=8 env:TF_QWEN_PREVIEW_WIDE=1 --expert-cache-slots 32 --expert-cache-policy lfu --prefill on --prefill-chunk-tokens 2048 --rdadvise off
prefetchw-off	4	498	128	11.92	6.49	19.737	3.264	3.264	73.3	0.49	3.04	4.55	-1.04	28.29	16.50	5.87	121.0	--expert-cache-slots 32 --expert-cache-policy lfu --prefill on --prefill-chunk-tokens 2048 --rdadvise off
prefetchw-n8	4	498	128	11.48	6.09	21.009	3.251	3.251	81.3	0.52	3.05	4.54	-1.06	29.82	25.77	-7.99	121.0	env:TF_QWEN_EXPERT_PREFETCH=8 --expert-cache-slots 32 --expert-cache-policy lfu --prefill on --prefill-chunk-tokens 2048 --rdadvise off
prefetchw-n8w	4	498	128	11.29	5.92	21.631	3.208	3.208	81.3	0.52	3.05	4.46	-1.07	28.47	25.42	-7.66	121.0	env:TF_QWEN_EXPERT_PREFETCH=8 env:TF_QWEN_PREVIEW_WIDE=1 --expert-cache-slots 32 --expert-cache-policy lfu --prefill on --prefill-chunk-tokens 2048 --rdadvise off
prefetchw-off	5	498	128	12.94	6.48	19.748	3.612	3.612	73.3	0.52	3.04	5.15	-0.94	28.23	16.59	5.82	121.0	--expert-cache-slots 32 --expert-cache-policy lfu --prefill on --prefill-chunk-tokens 2048 --rdadvise off
prefetchw-n8	5	498	128	11.47	6.05	21.146	3.278	3.279	81.3	0.51	3.06	4.55	-1.02	29.77	25.32	-7.80	121.0	env:TF_QWEN_EXPERT_PREFETCH=8 --expert-cache-slots 32 --expert-cache-policy lfu --prefill on --prefill-chunk-tokens 2048 --rdadvise off
prefetchw-n8w	5	498	128	11.24	5.85	21.892	3.230	3.230	81.3	0.49	3.05	4.51	-1.08	28.13	25.78	-8.23	121.0	env:TF_QWEN_EXPERT_PREFETCH=8 env:TF_QWEN_PREVIEW_WIDE=1 --expert-cache-slots 32 --expert-cache-policy lfu --prefill on --prefill-chunk-tokens 2048 --rdadvise off
prefetchw-drift	9	498	128	12.06	6.59	19.427	3.245	3.245	73.3	0.50	3.04	4.55	-1.08	28.84	16.78	5.86	121.0	--expert-cache-slots 32 --expert-cache-policy lfu --prefill on --prefill-chunk-tokens 2048 --rdadvise off
prefetchw-warmup	0	498	128	12.22	6.47	19.790	3.237	3.237	73.3	0.49	3.04	4.53	-1.07	28.52	16.14	5.87	121.0	--expert-cache-slots 32 --expert-cache-policy lfu --prefill on --prefill-chunk-tokens 2048 --rdadvise off
prefetchw-drift	0	498	128	12.31	6.92	18.486	3.217	3.217	73.3	0.57	3.05	4.47	-1.07	29.59	18.46	6.05	121.0	--expert-cache-slots 32 --expert-cache-policy lfu --prefill on --prefill-chunk-tokens 2048 --rdadvise off
prefetchw-off	1	498	128	11.94	6.52	19.636	3.245	3.245	73.3	0.52	3.04	4.55	-1.07	28.72	16.34	5.86	121.0	--expert-cache-slots 32 --expert-cache-policy lfu --prefill on --prefill-chunk-tokens 2048 --rdadvise off
prefetchw-n8	1	498	128	11.50	6.06	21.132	3.282	3.282	81.3	0.52	3.05	4.61	-1.07	29.92	25.12	-7.72	121.0	env:TF_QWEN_EXPERT_PREFETCH=8 --expert-cache-slots 32 --expert-cache-policy lfu --prefill on --prefill-chunk-tokens 2048 --rdadvise off
prefetchw-n8w	1	498	128	11.33	5.92	21.612	3.234	3.234	81.3	0.52	3.05	4.49	-1.04	28.57	25.21	-7.52	121.0	env:TF_QWEN_EXPERT_PREFETCH=8 env:TF_QWEN_PREVIEW_WIDE=1 --expert-cache-slots 32 --expert-cache-policy lfu --prefill on --prefill-chunk-tokens 2048 --rdadvise off
prefetchw-n8f	1	498	128	11.24	5.85	21.881	3.222	3.222	81.3	0.53	3.05	4.48	-1.06	28.10	24.88	-7.28	121.0	env:TF_QWEN_EXPERT_PREFETCH=8 env:TF_QWEN_PREVIEW_FUSE=1 --expert-cache-slots 32 --expert-cache-policy lfu --prefill on --prefill-chunk-tokens 2048 --rdadvise off
prefetchw-off	2	498	128	11.88	6.43	19.899	3.190	3.190	73.3	0.50	3.04	4.42	-1.05	28.27	16.07	5.91	121.0	--expert-cache-slots 32 --expert-cache-policy lfu --prefill on --prefill-chunk-tokens 2048 --rdadvise off
prefetchw-n8	2	498	128	11.57	6.10	20.974	3.300	3.300	81.3	0.51	3.05	4.61	-1.04	29.72	26.32	-8.36	121.0	env:TF_QWEN_EXPERT_PREFETCH=8 --expert-cache-slots 32 --expert-cache-policy lfu --prefill on --prefill-chunk-tokens 2048 --rdadvise off
prefetchw-n8w	2	498	128	11.34	5.88	21.783	3.221	3.221	81.3	0.54	3.05	4.46	-1.03	28.25	25.08	-7.42	121.0	env:TF_QWEN_EXPERT_PREFETCH=8 env:TF_QWEN_PREVIEW_WIDE=1 --expert-cache-slots 32 --expert-cache-policy lfu --prefill on --prefill-chunk-tokens 2048 --rdadvise off
prefetchw-n8f	2	498	128	11.24	5.83	21.948	3.210	3.210	81.3	0.51	3.04	4.47	-1.07	27.78	25.10	-7.32	121.0	env:TF_QWEN_EXPERT_PREFETCH=8 env:TF_QWEN_PREVIEW_FUSE=1 --expert-cache-slots 32 --expert-cache-policy lfu --prefill on --prefill-chunk-tokens 2048 --rdadvise off
prefetchw-off	3	498	128	12.36	6.84	18.714	3.291	3.291	73.3	0.49	3.05	4.63	-1.07	29.78	17.37	6.28	121.0	--expert-cache-slots 32 --expert-cache-policy lfu --prefill on --prefill-chunk-tokens 2048 --rdadvise off
prefetchw-n8	3	498	128	11.59	6.06	21.139	3.271	3.271	81.3	0.53	3.05	4.56	-1.04	29.80	25.14	-7.64	121.0	env:TF_QWEN_EXPERT_PREFETCH=8 --expert-cache-slots 32 --expert-cache-policy lfu --prefill on --prefill-chunk-tokens 2048 --rdadvise off
prefetchw-n8w	3	498	128	11.35	5.91	21.642	3.246	3.246	81.3	0.53	3.04	4.54	-1.07	28.50	25.12	-7.42	121.0	env:TF_QWEN_EXPERT_PREFETCH=8 env:TF_QWEN_PREVIEW_WIDE=1 --expert-cache-slots 32 --expert-cache-policy lfu --prefill on --prefill-chunk-tokens 2048 --rdadvise off
prefetchw-n8f	3	498	128	12.00	5.98	21.408	3.679	3.679	81.3	0.50	3.08	5.26	-0.95	28.23	28.16	-9.68	121.0	env:TF_QWEN_EXPERT_PREFETCH=8 env:TF_QWEN_PREVIEW_FUSE=1 --expert-cache-slots 32 --expert-cache-policy lfu --prefill on --prefill-chunk-tokens 2048 --rdadvise off
prefetchw-off	4	498	128	12.05	6.42	19.939	3.322	3.322	73.3	0.53	3.07	4.67	-1.07	28.29	16.27	5.60	121.0	--expert-cache-slots 32 --expert-cache-policy lfu --prefill on --prefill-chunk-tokens 2048 --rdadvise off
prefetchw-n8	4	498	128	11.73	6.20	20.649	3.282	3.282	81.3	0.50	3.04	4.59	-1.04	29.85	26.90	-8.33	121.0	env:TF_QWEN_EXPERT_PREFETCH=8 --expert-cache-slots 32 --expert-cache-policy lfu --prefill on --prefill-chunk-tokens 2048 --rdadvise off
prefetchw-n8w	4	498	128	11.33	5.89	21.727	3.255	3.255	81.3	0.49	3.07	4.51	-1.04	28.35	25.31	-7.64	121.0	env:TF_QWEN_EXPERT_PREFETCH=8 env:TF_QWEN_PREVIEW_WIDE=1 --expert-cache-slots 32 --expert-cache-policy lfu --prefill on --prefill-chunk-tokens 2048 --rdadvise off
prefetchw-n8f	4	498	128	11.24	5.77	22.172	3.233	3.233	81.3	0.52	3.04	4.52	-1.07	27.64	25.13	-7.67	121.0	env:TF_QWEN_EXPERT_PREFETCH=8 env:TF_QWEN_PREVIEW_FUSE=1 --expert-cache-slots 32 --expert-cache-policy lfu --prefill on --prefill-chunk-tokens 2048 --rdadvise off
prefetchw-off	5	498	128	12.03	6.57	19.489	3.262	3.262	73.3	0.50	3.05	4.56	-1.06	29.21	16.30	5.80	121.0	--expert-cache-slots 32 --expert-cache-policy lfu --prefill on --prefill-chunk-tokens 2048 --rdadvise off
prefetchw-n8	5	498	128	11.54	6.05	21.164	3.264	3.264	81.3	0.53	3.04	4.56	-1.04	30.01	25.06	-7.82	121.0	env:TF_QWEN_EXPERT_PREFETCH=8 --expert-cache-slots 32 --expert-cache-policy lfu --prefill on --prefill-chunk-tokens 2048 --rdadvise off
prefetchw-n8w	5	498	128	11.34	5.90	21.692	3.225	3.225	81.3	0.51	3.05	4.51	-1.08	28.27	25.60	-7.77	121.0	env:TF_QWEN_EXPERT_PREFETCH=8 env:TF_QWEN_PREVIEW_WIDE=1 --expert-cache-slots 32 --expert-cache-policy lfu --prefill on --prefill-chunk-tokens 2048 --rdadvise off
prefetchw-n8f	5	498	128	11.29	5.85	21.879	3.251	3.251	81.3	0.51	3.05	4.51	-1.03	27.63	25.72	-7.64	121.0	env:TF_QWEN_EXPERT_PREFETCH=8 env:TF_QWEN_PREVIEW_FUSE=1 --expert-cache-slots 32 --expert-cache-policy lfu --prefill on --prefill-chunk-tokens 2048 --rdadvise off
prefetchw-drift	9	498	128	12.18	6.70	19.118	3.256	3.256	73.3	0.53	3.05	4.54	-1.05	29.56	16.66	6.09	121.0	--expert-cache-slots 32 --expert-cache-policy lfu --prefill on --prefill-chunk-tokens 2048 --rdadvise off
prefetchw-warmup	0	2698	128	21.05	8.59	14.901	10.190	10.190	65.9	0.73	2.69	1.99	-0.91	36.57	23.54	7.00	121.0	--expert-cache-slots 32 --expert-cache-policy lfu --prefill on --prefill-chunk-tokens 2048 --rdadvise off
prefetchw-drift	0	2698	128	21.17	8.70	14.718	10.181	10.181	65.9	0.74	2.70	2.00	-0.92	37.43	23.56	6.95	121.0	--expert-cache-slots 32 --expert-cache-policy lfu --prefill on --prefill-chunk-tokens 2048 --rdadvise off
prefetchw-off	1	2698	128	20.74	8.31	15.398	10.174	10.174	65.9	0.74	2.71	1.98	-0.92	35.29	23.04	6.61	121.0	--expert-cache-slots 32 --expert-cache-policy lfu --prefill on --prefill-chunk-tokens 2048 --rdadvise off
prefetchw-n8	1	2698	128	19.92	7.41	17.282	10.234	10.235	75.7	0.75	2.71	1.99	-0.91	33.94	39.61	-15.68	121.0	env:TF_QWEN_EXPERT_PREFETCH=8 --expert-cache-slots 32 --expert-cache-policy lfu --prefill on --prefill-chunk-tokens 2048 --rdadvise off
prefetchw-n8w	1	2698	128	19.68	7.25	17.664	10.109	10.109	75.7	0.73	2.72	1.95	-0.92	32.37	39.42	-15.17	121.0	env:TF_QWEN_EXPERT_PREFETCH=8 env:TF_QWEN_PREVIEW_WIDE=1 --expert-cache-slots 32 --expert-cache-policy lfu --prefill on --prefill-chunk-tokens 2048 --rdadvise off
prefetchw-n8f	1	2698	128	19.74	7.18	17.817	10.210	10.211	75.7	0.73	2.72	1.98	-0.91	31.83	39.33	-15.03	121.0	env:TF_QWEN_EXPERT_PREFETCH=8 env:TF_QWEN_PREVIEW_FUSE=1 --expert-cache-slots 32 --expert-cache-policy lfu --prefill on --prefill-chunk-tokens 2048 --rdadvise off
prefetchw-off	2	2698	128	21.19	8.61	14.858	10.151	10.151	65.9	0.73	2.71	1.96	-0.91	37.34	23.24	6.72	121.0	--expert-cache-slots 32 --expert-cache-policy lfu --prefill on --prefill-chunk-tokens 2048 --rdadvise off
prefetchw-n8	2	2698	128	20.09	7.58	16.880	10.213	10.213	75.7	0.73	2.72	1.99	-0.92	34.18	40.94	-15.88	121.0	env:TF_QWEN_EXPERT_PREFETCH=8 --expert-cache-slots 32 --expert-cache-policy lfu --prefill on --prefill-chunk-tokens 2048 --rdadvise off
prefetchw-n8w	2	2698	128	19.65	7.19	17.814	10.170	10.170	75.7	0.70	2.71	1.97	-0.91	32.08	39.18	-15.13	121.0	env:TF_QWEN_EXPERT_PREFETCH=8 env:TF_QWEN_PREVIEW_WIDE=1 --expert-cache-slots 32 --expert-cache-policy lfu --prefill on --prefill-chunk-tokens 2048 --rdadvise off
prefetchw-n8f	2	2698	128	19.79	7.32	17.480	10.193	10.194	75.7	0.70	2.72	1.98	-0.92	32.13	40.25	-15.18	121.0	env:TF_QWEN_EXPERT_PREFETCH=8 env:TF_QWEN_PREVIEW_FUSE=1 --expert-cache-slots 32 --expert-cache-policy lfu --prefill on --prefill-chunk-tokens 2048 --rdadvise off
prefetchw-off	3	2698	128	20.96	8.39	15.257	10.161	10.161	65.9	0.73	2.72	1.97	-0.93	36.03	23.01	6.50	121.0	--expert-cache-slots 32 --expert-cache-policy lfu --prefill on --prefill-chunk-tokens 2048 --rdadvise off
prefetchw-n8	3	2698	128	20.27	7.67	16.686	10.247	10.247	75.7	0.73	2.72	2.01	-0.93	34.19	41.83	-16.08	121.0	env:TF_QWEN_EXPERT_PREFETCH=8 --expert-cache-slots 32 --expert-cache-policy lfu --prefill on --prefill-chunk-tokens 2048 --rdadvise off
prefetchw-n8w	3	2698	128	19.75	7.25	17.663	10.142	10.143	75.7	0.73	2.73	1.96	-0.93	32.39	39.45	-15.23	121.0	env:TF_QWEN_EXPERT_PREFETCH=8 env:TF_QWEN_PREVIEW_WIDE=1 --expert-cache-slots 32 --expert-cache-policy lfu --prefill on --prefill-chunk-tokens 2048 --rdadvise off
prefetchw-n8f	3	2698	128	19.68	7.17	17.861	10.229	10.229	75.7	0.71	2.71	1.99	-0.91	31.92	39.10	-15.04	121.0	env:TF_QWEN_EXPERT_PREFETCH=8 env:TF_QWEN_PREVIEW_FUSE=1 --expert-cache-slots 32 --expert-cache-policy lfu --prefill on --prefill-chunk-tokens 2048 --rdadvise off
prefetchw-off	4	2698	128	21.51	8.81	14.523	10.281	10.282	65.9	0.72	2.72	2.01	-0.93	37.40	24.57	6.89	121.0	--expert-cache-slots 32 --expert-cache-policy lfu --prefill on --prefill-chunk-tokens 2048 --rdadvise off
prefetchw-n8	4	2698	128	19.87	7.42	17.243	10.133	10.133	75.7	0.72	2.73	1.96	-0.93	33.97	39.47	-15.45	121.0	env:TF_QWEN_EXPERT_PREFETCH=8 --expert-cache-slots 32 --expert-cache-policy lfu --prefill on --prefill-chunk-tokens 2048 --rdadvise off
prefetchw-n8w	4	2698	128	19.78	7.25	17.655	10.215	10.216	75.7	0.72	2.71	1.99	-0.91	32.35	39.63	-15.34	121.0	env:TF_QWEN_EXPERT_PREFETCH=8 env:TF_QWEN_PREVIEW_WIDE=1 --expert-cache-slots 32 --expert-cache-policy lfu --prefill on --prefill-chunk-tokens 2048 --rdadvise off
prefetchw-n8f	4	2698	128	19.90	7.40	17.299	10.204	10.204	75.7	0.73	2.74	1.99	-0.94	32.57	41.35	-16.11	121.0	env:TF_QWEN_EXPERT_PREFETCH=8 env:TF_QWEN_PREVIEW_FUSE=1 --expert-cache-slots 32 --expert-cache-policy lfu --prefill on --prefill-chunk-tokens 2048 --rdadvise off
prefetchw-off	5	2698	128	20.90	8.37	15.284	10.088	10.088	65.9	0.71	2.73	1.95	-0.94	35.61	22.96	6.85	121.0	--expert-cache-slots 32 --expert-cache-policy lfu --prefill on --prefill-chunk-tokens 2048 --rdadvise off
prefetchw-n8	5	2698	128	19.77	7.32	17.480	10.165	10.165	75.7	0.72	2.71	1.98	-0.92	33.58	38.56	-14.93	121.0	env:TF_QWEN_EXPERT_PREFETCH=8 --expert-cache-slots 32 --expert-cache-policy lfu --prefill on --prefill-chunk-tokens 2048 --rdadvise off
prefetchw-n8w	5	2698	128	19.69	7.23	17.707	10.185	10.185	75.7	0.72	2.71	1.97	-0.91	32.70	38.11	-14.33	121.0	env:TF_QWEN_EXPERT_PREFETCH=8 env:TF_QWEN_PREVIEW_WIDE=1 --expert-cache-slots 32 --expert-cache-policy lfu --prefill on --prefill-chunk-tokens 2048 --rdadvise off
prefetchw-n8f	5	2698	128	19.93	7.32	17.476	10.252	10.252	75.7	0.72	2.75	1.99	-0.94	32.81	39.90	-15.49	121.0	env:TF_QWEN_EXPERT_PREFETCH=8 env:TF_QWEN_PREVIEW_FUSE=1 --expert-cache-slots 32 --expert-cache-policy lfu --prefill on --prefill-chunk-tokens 2048 --rdadvise off
prefetchw-drift	9	2698	128	21.34	8.72	14.683	10.186	10.186	65.9	0.72	2.70	1.99	-0.91	37.73	23.59	6.79	121.0	--expert-cache-slots 32 --expert-cache-policy lfu --prefill on --prefill-chunk-tokens 2048 --rdadvise off
